Country Name,Country Code,Series Name,Series Code,2015
Albania,ALB,PISA: Mean performance on the mathematics scale,LO.PISA.MAT,413.157
Albania,ALB,PISA: Mean performance on the mathematics scale. Female,LO.PISA.MAT.FE,417.7500295
Albania,ALB,PISA: Mean performance on the mathematics scale. Male,LO.PISA.MAT.MA,408.5454587
Albania,ALB,PISA: Mean performance on the reading scale,LO.PISA.REA,405.2588
Albania,ALB,PISA: Mean performance on the reading scale. Female,LO.PISA.REA.FE,434.6396255
Albania,ALB,PISA: Mean performance on the reading scale. Male,LO.PISA.REA.MA,375.7591992
Albania,ALB,PISA: Mean performance on the science scale,LO.PISA.SCI,427.225
Albania,ALB,PISA: Mean performance on the science scale. Female,LO.PISA.SCI.FE,439.4429629
Albania,ALB,PISA: Mean performance on the science scale. Male,LO.PISA.SCI.MA,414.9576437
Algeria,DZA,PISA: Mean performance on the mathematics scale,LO.PISA.MAT,359.6062
Algeria,DZA,PISA: Mean performance on the mathematics scale. Female,LO.PISA.MAT.FE,363.0724791
Algeria,DZA,PISA: Mean performance on the mathematics scale. Male,LO.PISA.MAT.MA,356.4951057
Algeria,DZA,PISA: Mean performance on the reading scale,LO.PISA.REA,349.8593
Algeria,DZA,PISA: Mean performance on the reading scale. Female,LO.PISA.REA.FE,366.2081668
Algeria,DZA,PISA: Mean performance on the reading scale. Male,LO.PISA.REA.MA,335.1854359
Algeria,DZA,PISA: Mean performance on the science scale,LO.PISA.SCI,375.7451
Algeria,DZA,PISA: Mean performance on the science scale. Female,LO.PISA.SCI.FE,383.2209389
Algeria,DZA,PISA: Mean performance on the science scale. Male,LO.PISA.SCI.MA,369.0352338
Argentina,ARG,PISA: Mean performance on the mathematics scale,LO.PISA.MAT,409.0333
Argentina,ARG,PISA: Mean performance on the mathematics scale. Female,LO.PISA.MAT.FE,400.4431161
Argentina,ARG,PISA: Mean performance on the mathematics scale. Male,LO.PISA.MAT.MA,418.3883609
Argentina,ARG,PISA: Mean performance on the reading scale,LO.PISA.REA,425.3031
Argentina,ARG,PISA: Mean performance on the reading scale. Female,LO.PISA.REA.FE,432.9580796
Argentina,ARG,PISA: Mean performance on the reading scale. Male,LO.PISA.REA.MA,416.9666072
Argentina,ARG,PISA: Mean performance on the science scale,LO.PISA.SCI,432.2262
Argentina,ARG,PISA: Mean performance on the science scale. Female,LO.PISA.SCI.FE,424.9943513
Argentina,ARG,PISA: Mean performance on the science scale. Male,LO.PISA.SCI.MA,440.1020297
Armenia,ARM,PISA: Mean performance on the mathematics scale,LO.PISA.MAT,..
Armenia,ARM,PISA: Mean performance on the mathematics scale. Female,LO.PISA.MAT.FE,..
Armenia,ARM,PISA: Mean performance on the mathematics scale. Male,LO.PISA.MAT.MA,..
Armenia,ARM,PISA: Mean performance on the reading scale,LO.PISA.REA,..
Armenia,ARM,PISA: Mean performance on the reading scale. Female,LO.PISA.REA.FE,..
Armenia,ARM,PISA: Mean performance on the reading scale. Male,LO.PISA.REA.MA,..
Armenia,ARM,PISA: Mean performance on the science scale,LO.PISA.SCI,..
Armenia,ARM,PISA: Mean performance on the science scale. Female,LO.PISA.SCI.FE,..
Armenia,ARM,PISA: Mean performance on the science scale. Male,LO.PISA.SCI.MA,..
Australia,AUS,PISA: Mean performance on the mathematics scale,LO.PISA.MAT,493.8962
Australia,AUS,PISA: Mean performance on the mathematics scale. Female,LO.PISA.MAT.FE,490.9855008
Australia,AUS,PISA: Mean performance on the mathematics scale. Male,LO.PISA.MAT.MA,496.7613449
Australia,AUS,PISA: Mean performance on the reading scale,LO.PISA.REA,502.9006
Australia,AUS,PISA: Mean performance on the reading scale. Female,LO.PISA.REA.FE,518.8657992
Australia,AUS,PISA: Mean performance on the reading scale. Male,LO.PISA.REA.MA,487.1855255
Australia,AUS,PISA: Mean performance on the science scale,LO.PISA.SCI,509.9939
Australia,AUS,PISA: Mean performance on the science scale. Female,LO.PISA.SCI.FE,508.9216474
Australia,AUS,PISA: Mean performance on the science scale. Male,LO.PISA.SCI.MA,511.0492572
Austria,AUT,PISA: Mean performance on the mathematics scale,LO.PISA.MAT,496.7423
Austria,AUT,PISA: Mean performance on the mathematics scale. Female,LO.PISA.MAT.FE,483.1330261
Austria,AUT,PISA: Mean performance on the mathematics scale. Male,LO.PISA.MAT.MA,510.0982159
Austria,AUT,PISA: Mean performance on the reading scale,LO.PISA.REA,484.8656
Austria,AUT,PISA: Mean performance on the reading scale. Female,LO.PISA.REA.FE,495.0751911
Austria,AUT,PISA: Mean performance on the reading scale. Male,LO.PISA.REA.MA,474.8460316
Austria,AUT,PISA: Mean performance on the science scale,LO.PISA.SCI,495.0375
Austria,AUT,PISA: Mean performance on the science scale. Female,LO.PISA.SCI.FE,485.5267543
Austria,AUT,PISA: Mean performance on the science scale. Male,LO.PISA.SCI.MA,504.3711973
Azerbaijan,AZE,PISA: Mean performance on the mathematics scale,LO.PISA.MAT,..
Azerbaijan,AZE,PISA: Mean performance on the mathematics scale. Female,LO.PISA.MAT.FE,..
Azerbaijan,AZE,PISA: Mean performance on the mathematics scale. Male,LO.PISA.MAT.MA,..
Azerbaijan,AZE,PISA: Mean performance on the reading scale,LO.PISA.REA,..
Azerbaijan,AZE,PISA: Mean performance on the reading scale. Female,LO.PISA.REA.FE,..
Azerbaijan,AZE,PISA: Mean performance on the reading scale. Male,LO.PISA.REA.MA,..
Azerbaijan,AZE,PISA: Mean performance on the science scale,LO.PISA.SCI,..
Azerbaijan,AZE,PISA: Mean performance on the science scale. Female,LO.PISA.SCI.FE,..
Azerbaijan,AZE,PISA: Mean performance on the science scale. Male,LO.PISA.SCI.MA,..
Bahrain,BHR,PISA: Mean performance on the mathematics scale,LO.PISA.MAT,..
Bahrain,BHR,PISA: Mean performance on the mathematics scale. Female,LO.PISA.MAT.FE,..
Bahrain,BHR,PISA: Mean performance on the mathematics scale. Male,LO.PISA.MAT.MA,..
Bahrain,BHR,PISA: Mean performance on the reading scale,LO.PISA.REA,..
Bahrain,BHR,PISA: Mean performance on the reading scale. Female,LO.PISA.REA.FE,..
Bahrain,BHR,PISA: Mean performance on the reading scale. Male,LO.PISA.REA.MA,..
Bahrain,BHR,PISA: Mean performance on the science scale,LO.PISA.SCI,..
Bahrain,BHR,PISA: Mean performance on the science scale. Female,LO.PISA.SCI.FE,..
Bahrain,BHR,PISA: Mean performance on the science scale. Male,LO.PISA.SCI.MA,..
Belgium,BEL,PISA: Mean performance on the mathematics scale,LO.PISA.MAT,506.9844
Belgium,BEL,PISA: Mean performance on the mathematics scale. Female,LO.PISA.MAT.FE,499.7390224
Belgium,BEL,PISA: Mean performance on the mathematics scale. Male,LO.PISA.MAT.MA,514.0025721
Belgium,BEL,PISA: Mean performance on the reading scale,LO.PISA.REA,498.5242
Belgium,BEL,PISA: Mean performance on the reading scale. Female,LO.PISA.REA.FE,506.6385988
Belgium,BEL,PISA: Mean performance on the reading scale. Male,LO.PISA.REA.MA,490.6641558
Belgium,BEL,PISA: Mean performance on the science scale,LO.PISA.SCI,501.9997
Belgium,BEL,PISA: Mean performance on the science scale. Female,LO.PISA.SCI.FE,496.0318674
Belgium,BEL,PISA: Mean performance on the science scale. Male,LO.PISA.SCI.MA,507.7804771
Belize,BLZ,PISA: Mean performance on the mathematics scale,LO.PISA.MAT,..
Belize,BLZ,PISA: Mean performance on the mathematics scale. Female,LO.PISA.MAT.FE,..
Belize,BLZ,PISA: Mean performance on the mathematics scale. Male,LO.PISA.MAT.MA,..
Belize,BLZ,PISA: Mean performance on the reading scale,LO.PISA.REA,..
Belize,BLZ,PISA: Mean performance on the reading scale. Female,LO.PISA.REA.FE,..
Belize,BLZ,PISA: Mean performance on the reading scale. Male,LO.PISA.REA.MA,..
Belize,BLZ,PISA: Mean performance on the science scale,LO.PISA.SCI,..
Belize,BLZ,PISA: Mean performance on the science scale. Female,LO.PISA.SCI.FE,..
Belize,BLZ,PISA: Mean performance on the science scale. Male,LO.PISA.SCI.MA,..
Benin,BEN,PISA: Mean performance on the mathematics scale,LO.PISA.MAT,..
Benin,BEN,PISA: Mean performance on the mathematics scale. Female,LO.PISA.MAT.FE,..
Benin,BEN,PISA: Mean performance on the mathematics scale. Male,LO.PISA.MAT.MA,..
Benin,BEN,PISA: Mean performance on the reading scale,LO.PISA.REA,..
Benin,BEN,PISA: Mean performance on the reading scale. Female,LO.PISA.REA.FE,..
Benin,BEN,PISA: Mean performance on the reading scale. Male,LO.PISA.REA.MA,..
Benin,BEN,PISA: Mean performance on the science scale,LO.PISA.SCI,..
Benin,BEN,PISA: Mean performance on the science scale. Female,LO.PISA.SCI.FE,..
Benin,BEN,PISA: Mean performance on the science scale. Male,LO.PISA.SCI.MA,..
Bolivia,BOL,PISA: Mean performance on the mathematics scale,LO.PISA.MAT,..
Bolivia,BOL,PISA: Mean performance on the mathematics scale. Female,LO.PISA.MAT.FE,..
Bolivia,BOL,PISA: Mean performance on the mathematics scale. Male,LO.PISA.MAT.MA,..
Bolivia,BOL,PISA: Mean performance on the reading scale,LO.PISA.REA,..
Bolivia,BOL,PISA: Mean performance on the reading scale. Female,LO.PISA.REA.FE,..
Bolivia,BOL,PISA: Mean performance on the reading scale. Male,LO.PISA.REA.MA,..
Bolivia,BOL,PISA: Mean performance on the science scale,LO.PISA.SCI,..
Bolivia,BOL,PISA: Mean performance on the science scale. Female,LO.PISA.SCI.FE,..
Bolivia,BOL,PISA: Mean performance on the science scale. Male,LO.PISA.SCI.MA,..
Bosnia and Herzegovina,BIH,PISA: Mean performance on the mathematics scale,LO.PISA.MAT,..
Bosnia and Herzegovina,BIH,PISA: Mean performance on the mathematics scale. Female,LO.PISA.MAT.FE,..
Bosnia and Herzegovina,BIH,PISA: Mean performance on the mathematics scale. Male,LO.PISA.MAT.MA,..
Bosnia and Herzegovina,BIH,PISA: Mean performance on the reading scale,LO.PISA.REA,..
Bosnia and Herzegovina,BIH,PISA: Mean performance on the reading scale. Female,LO.PISA.REA.FE,..
Bosnia and Herzegovina,BIH,PISA: Mean performance on the reading scale. Male,LO.PISA.REA.MA,..
Bosnia and Herzegovina,BIH,PISA: Mean performance on the science scale,LO.PISA.SCI,..
Bosnia and Herzegovina,BIH,PISA: Mean performance on the science scale. Female,LO.PISA.SCI.FE,..
Bosnia and Herzegovina,BIH,PISA: Mean performance on the science scale. Male,LO.PISA.SCI.MA,..
Botswana,BWA,PISA: Mean performance on the mathematics scale,LO.PISA.MAT,..
Botswana,BWA,PISA: Mean performance on the mathematics scale. Female,LO.PISA.MAT.FE,..
Botswana,BWA,PISA: Mean performance on the mathematics scale. Male,LO.PISA.MAT.MA,..
Botswana,BWA,PISA: Mean performance on the reading scale,LO.PISA.REA,..
Botswana,BWA,PISA: Mean performance on the reading scale. Female,LO.PISA.REA.FE,..
Botswana,BWA,PISA: Mean performance on the reading scale. Male,LO.PISA.REA.MA,..
Botswana,BWA,PISA: Mean performance on the science scale,LO.PISA.SCI,..
Botswana,BWA,PISA: Mean performance on the science scale. Female,LO.PISA.SCI.FE,..
Botswana,BWA,PISA: Mean performance on the science scale. Male,LO.PISA.SCI.MA,..
Brazil,BRA,PISA: Mean performance on the mathematics scale,LO.PISA.MAT,377.0695
Brazil,BRA,PISA: Mean performance on the mathematics scale. Female,LO.PISA.MAT.FE,369.5493074
Brazil,BRA,PISA: Mean performance on the mathematics scale. Male,LO.PISA.MAT.MA,385.0405905
Brazil,BRA,PISA: Mean performance on the reading scale,LO.PISA.REA,407.3486
Brazil,BRA,PISA: Mean performance on the reading scale. Female,LO.PISA.REA.FE,418.5616822
Brazil,BRA,PISA: Mean performance on the reading scale. Male,LO.PISA.REA.MA,395.4632549
Brazil,BRA,PISA: Mean performance on the science scale,LO.PISA.SCI,400.6821
Brazil,BRA,PISA: Mean performance on the science scale. Female,LO.PISA.SCI.FE,398.6999991
Brazil,BRA,PISA: Mean performance on the science scale. Male,LO.PISA.SCI.MA,402.7830375
Bulgaria,BGR,PISA: Mean performance on the mathematics scale,LO.PISA.MAT,441.1899
Bulgaria,BGR,PISA: Mean performance on the mathematics scale. Female,LO.PISA.MAT.FE,442.163116
Bulgaria,BGR,PISA: Mean performance on the mathematics scale. Male,LO.PISA.MAT.MA,440.3189365
Bulgaria,BGR,PISA: Mean performance on the reading scale,LO.PISA.REA,431.7175
Bulgaria,BGR,PISA: Mean performance on the reading scale. Female,LO.PISA.REA.FE,456.5985615
Bulgaria,BGR,PISA: Mean performance on the reading scale. Male,LO.PISA.REA.MA,409.4497796
Bulgaria,BGR,PISA: Mean performance on the science scale,LO.PISA.SCI,445.772
Bulgaria,BGR,PISA: Mean performance on the science scale. Female,LO.PISA.SCI.FE,453.9010959
Bulgaria,BGR,PISA: Mean performance on the science scale. Male,LO.PISA.SCI.MA,438.4966288
Burkina Faso,BFA,PISA: Mean performance on the mathematics scale,LO.PISA.MAT,..
Burkina Faso,BFA,PISA: Mean performance on the mathematics scale. Female,LO.PISA.MAT.FE,..
Burkina Faso,BFA,PISA: Mean performance on the mathematics scale. Male,LO.PISA.MAT.MA,..
Burkina Faso,BFA,PISA: Mean performance on the reading scale,LO.PISA.REA,..
Burkina Faso,BFA,PISA: Mean performance on the reading scale. Female,LO.PISA.REA.FE,..
Burkina Faso,BFA,PISA: Mean performance on the reading scale. Male,LO.PISA.REA.MA,..
Burkina Faso,BFA,PISA: Mean performance on the science scale,LO.PISA.SCI,..
Burkina Faso,BFA,PISA: Mean performance on the science scale. Female,LO.PISA.SCI.FE,..
Burkina Faso,BFA,PISA: Mean performance on the science scale. Male,LO.PISA.SCI.MA,..
Burundi,BDI,PISA: Mean performance on the mathematics scale,LO.PISA.MAT,..
Burundi,BDI,PISA: Mean performance on the mathematics scale. Female,LO.PISA.MAT.FE,..
Burundi,BDI,PISA: Mean performance on the mathematics scale. Male,LO.PISA.MAT.MA,..
Burundi,BDI,PISA: Mean performance on the reading scale,LO.PISA.REA,..
Burundi,BDI,PISA: Mean performance on the reading scale. Female,LO.PISA.REA.FE,..
Burundi,BDI,PISA: Mean performance on the reading scale. Male,LO.PISA.REA.MA,..
Burundi,BDI,PISA: Mean performance on the science scale,LO.PISA.SCI,..
Burundi,BDI,PISA: Mean performance on the science scale. Female,LO.PISA.SCI.FE,..
Burundi,BDI,PISA: Mean performance on the science scale. Male,LO.PISA.SCI.MA,..
Cameroon,CMR,PISA: Mean performance on the mathematics scale,LO.PISA.MAT,..
Cameroon,CMR,PISA: Mean performance on the mathematics scale. Female,LO.PISA.MAT.FE,..
Cameroon,CMR,PISA: Mean performance on the mathematics scale. Male,LO.PISA.MAT.MA,..
Cameroon,CMR,PISA: Mean performance on the reading scale,LO.PISA.REA,..
Cameroon,CMR,PISA: Mean performance on the reading scale. Female,LO.PISA.REA.FE,..
Cameroon,CMR,PISA: Mean performance on the reading scale. Male,LO.PISA.REA.MA,..
Cameroon,CMR,PISA: Mean performance on the science scale,LO.PISA.SCI,..
Cameroon,CMR,PISA: Mean performance on the science scale. Female,LO.PISA.SCI.FE,..
Cameroon,CMR,PISA: Mean performance on the science scale. Male,LO.PISA.SCI.MA,..
Canada,CAN,PISA: Mean performance on the mathematics scale,LO.PISA.MAT,515.6474
Canada,CAN,PISA: Mean performance on the mathematics scale. Female,LO.PISA.MAT.FE,511.1417255
Canada,CAN,PISA: Mean performance on the mathematics scale. Male,LO.PISA.MAT.MA,520.1661252
Canada,CAN,PISA: Mean performance on the reading scale,LO.PISA.REA,526.6678
Canada,CAN,PISA: Mean performance on the reading scale. Female,LO.PISA.REA.FE,539.7623857
Canada,CAN,PISA: Mean performance on the reading scale. Male,LO.PISA.REA.MA,513.535458
Canada,CAN,PISA: Mean performance on the science scale,LO.PISA.SCI,527.7047
Canada,CAN,PISA: Mean performance on the science scale. Female,LO.PISA.SCI.FE,527.1561846
Canada,CAN,PISA: Mean performance on the science scale. Male,LO.PISA.SCI.MA,528.2547656
Chad,TCD,PISA: Mean performance on the mathematics scale,LO.PISA.MAT,..
Chad,TCD,PISA: Mean performance on the mathematics scale. Female,LO.PISA.MAT.FE,..
Chad,TCD,PISA: Mean performance on the mathematics scale. Male,LO.PISA.MAT.MA,..
Chad,TCD,PISA: Mean performance on the reading scale,LO.PISA.REA,..
Chad,TCD,PISA: Mean performance on the reading scale. Female,LO.PISA.REA.FE,..
Chad,TCD,PISA: Mean performance on the reading scale. Male,LO.PISA.REA.MA,..
Chad,TCD,PISA: Mean performance on the science scale,LO.PISA.SCI,..
Chad,TCD,PISA: Mean performance on the science scale. Female,LO.PISA.SCI.FE,..
Chad,TCD,PISA: Mean performance on the science scale. Male,LO.PISA.SCI.MA,..
Chile,CHL,PISA: Mean performance on the mathematics scale,LO.PISA.MAT,422.6714
Chile,CHL,PISA: Mean performance on the mathematics scale. Female,LO.PISA.MAT.FE,413.4489815
Chile,CHL,PISA: Mean performance on the mathematics scale. Male,LO.PISA.MAT.MA,431.7980868
Chile,CHL,PISA: Mean performance on the reading scale,LO.PISA.REA,458.5709
Chile,CHL,PISA: Mean performance on the reading scale. Female,LO.PISA.REA.FE,464.561642
Chile,CHL,PISA: Mean performance on the reading scale. Male,LO.PISA.REA.MA,452.6422417
Chile,CHL,PISA: Mean performance on the science scale,LO.PISA.SCI,446.9561
Chile,CHL,PISA: Mean performance on the science scale. Female,LO.PISA.SCI.FE,439.6174043
Chile,CHL,PISA: Mean performance on the science scale. Male,LO.PISA.SCI.MA,454.2186172
Colombia,COL,PISA: Mean performance on the mathematics scale,LO.PISA.MAT,389.6438
Colombia,COL,PISA: Mean performance on the mathematics scale. Female,LO.PISA.MAT.FE,384.4883363
Colombia,COL,PISA: Mean performance on the mathematics scale. Male,LO.PISA.MAT.MA,395.3911205
Colombia,COL,PISA: Mean performance on the reading scale,LO.PISA.REA,424.9052
Colombia,COL,PISA: Mean performance on the reading scale. Female,LO.PISA.REA.FE,432.2819264
Colombia,COL,PISA: Mean performance on the reading scale. Male,LO.PISA.REA.MA,416.6816261
Colombia,COL,PISA: Mean performance on the science scale,LO.PISA.SCI,415.7288
Colombia,COL,PISA: Mean performance on the science scale. Female,LO.PISA.SCI.FE,411.0315987
Colombia,COL,PISA: Mean performance on the science scale. Male,LO.PISA.SCI.MA,420.9651118
Comoros,COM,PISA: Mean performance on the mathematics scale,LO.PISA.MAT,..
Comoros,COM,PISA: Mean performance on the mathematics scale. Female,LO.PISA.MAT.FE,..
Comoros,COM,PISA: Mean performance on the mathematics scale. Male,LO.PISA.MAT.MA,..
Comoros,COM,PISA: Mean performance on the reading scale,LO.PISA.REA,..
Comoros,COM,PISA: Mean performance on the reading scale. Female,LO.PISA.REA.FE,..
Comoros,COM,PISA: Mean performance on the reading scale. Male,LO.PISA.REA.MA,..
Comoros,COM,PISA: Mean performance on the science scale,LO.PISA.SCI,..
Comoros,COM,PISA: Mean performance on the science scale. Female,LO.PISA.SCI.FE,..
Comoros,COM,PISA: Mean performance on the science scale. Male,LO.PISA.SCI.MA,..
"Congo, Rep.",COG,PISA: Mean performance on the mathematics scale,LO.PISA.MAT,..
"Congo, Rep.",COG,PISA: Mean performance on the mathematics scale. Female,LO.PISA.MAT.FE,..
"Congo, Rep.",COG,PISA: Mean performance on the mathematics scale. Male,LO.PISA.MAT.MA,..
"Congo, Rep.",COG,PISA: Mean performance on the reading scale,LO.PISA.REA,..
"Congo, Rep.",COG,PISA: Mean performance on the reading scale. Female,LO.PISA.REA.FE,..
"Congo, Rep.",COG,PISA: Mean performance on the reading scale. Male,LO.PISA.REA.MA,..
"Congo, Rep.",COG,PISA: Mean performance on the science scale,LO.PISA.SCI,..
"Congo, Rep.",COG,PISA: Mean performance on the science scale. Female,LO.PISA.SCI.FE,..
"Congo, Rep.",COG,PISA: Mean performance on the science scale. Male,LO.PISA.SCI.MA,..
Costa Rica,CRI,PISA: Mean performance on the mathematics scale,LO.PISA.MAT,400.2534
Costa Rica,CRI,PISA: Mean performance on the mathematics scale. Female,LO.PISA.MAT.FE,392.3128614
Costa Rica,CRI,PISA: Mean performance on the mathematics scale. Male,LO.PISA.MAT.MA,408.4516122
Costa Rica,CRI,PISA: Mean performance on the reading scale,LO.PISA.REA,427.4875
Costa Rica,CRI,PISA: Mean performance on the reading scale. Female,LO.PISA.REA.FE,434.8748324
Costa Rica,CRI,PISA: Mean performance on the reading scale. Male,LO.PISA.REA.MA,419.8604865
Costa Rica,CRI,PISA: Mean performance on the science scale,LO.PISA.SCI,419.608
Costa Rica,CRI,PISA: Mean performance on the science scale. Female,LO.PISA.SCI.FE,410.8348596
Costa Rica,CRI,PISA: Mean performance on the science scale. Male,LO.PISA.SCI.MA,428.6659606
Cote d'Ivoire,CIV,PISA: Mean performance on the mathematics scale,LO.PISA.MAT,..
Cote d'Ivoire,CIV,PISA: Mean performance on the mathematics scale. Female,LO.PISA.MAT.FE,..
Cote d'Ivoire,CIV,PISA: Mean performance on the mathematics scale. Male,LO.PISA.MAT.MA,..
Cote d'Ivoire,CIV,PISA: Mean performance on the reading scale,LO.PISA.REA,..
Cote d'Ivoire,CIV,PISA: Mean performance on the reading scale. Female,LO.PISA.REA.FE,..
Cote d'Ivoire,CIV,PISA: Mean performance on the reading scale. Male,LO.PISA.REA.MA,..
Cote d'Ivoire,CIV,PISA: Mean performance on the science scale,LO.PISA.SCI,..
Cote d'Ivoire,CIV,PISA: Mean performance on the science scale. Female,LO.PISA.SCI.FE,..
Cote d'Ivoire,CIV,PISA: Mean performance on the science scale. Male,LO.PISA.SCI.MA,..
Croatia,HRV,PISA: Mean performance on the mathematics scale,LO.PISA.MAT,464.0401
Croatia,HRV,PISA: Mean performance on the mathematics scale. Female,LO.PISA.MAT.FE,457.9611917
Croatia,HRV,PISA: Mean performance on the mathematics scale. Male,LO.PISA.MAT.MA,470.5986679
Croatia,HRV,PISA: Mean performance on the reading scale,LO.PISA.REA,486.8632
Croatia,HRV,PISA: Mean performance on the reading scale. Female,LO.PISA.REA.FE,499.5857924
Croatia,HRV,PISA: Mean performance on the reading scale. Male,LO.PISA.REA.MA,473.1366891
Croatia,HRV,PISA: Mean performance on the science scale,LO.PISA.SCI,475.3912
Croatia,HRV,PISA: Mean performance on the science scale. Female,LO.PISA.SCI.FE,472.5863456
Croatia,HRV,PISA: Mean performance on the science scale. Male,LO.PISA.SCI.MA,478.4173245
Cuba,CUB,PISA: Mean performance on the mathematics scale,LO.PISA.MAT,..
Cuba,CUB,PISA: Mean performance on the mathematics scale. Female,LO.PISA.MAT.FE,..
Cuba,CUB,PISA: Mean performance on the mathematics scale. Male,LO.PISA.MAT.MA,..
Cuba,CUB,PISA: Mean performance on the reading scale,LO.PISA.REA,..
Cuba,CUB,PISA: Mean performance on the reading scale. Female,LO.PISA.REA.FE,..
Cuba,CUB,PISA: Mean performance on the reading scale. Male,LO.PISA.REA.MA,..
Cuba,CUB,PISA: Mean performance on the science scale,LO.PISA.SCI,..
Cuba,CUB,PISA: Mean performance on the science scale. Female,LO.PISA.SCI.FE,..
Cuba,CUB,PISA: Mean performance on the science scale. Male,LO.PISA.SCI.MA,..
Cyprus,CYP,PISA: Mean performance on the mathematics scale,LO.PISA.MAT,437.1443
Cyprus,CYP,PISA: Mean performance on the mathematics scale. Female,LO.PISA.MAT.FE,439.5340713
Cyprus,CYP,PISA: Mean performance on the mathematics scale. Male,LO.PISA.MAT.MA,434.706449
Cyprus,CYP,PISA: Mean performance on the reading scale,LO.PISA.REA,442.8443
Cyprus,CYP,PISA: Mean performance on the reading scale. Female,LO.PISA.REA.FE,468.6583373
Cyprus,CYP,PISA: Mean performance on the reading scale. Male,LO.PISA.REA.MA,416.8270516
Cyprus,CYP,PISA: Mean performance on the science scale,LO.PISA.SCI,432.5964
Cyprus,CYP,PISA: Mean performance on the science scale. Female,LO.PISA.SCI.FE,440.9481867
Cyprus,CYP,PISA: Mean performance on the science scale. Male,LO.PISA.SCI.MA,424.1478215
Czech Republic,CZE,PISA: Mean performance on the mathematics scale,LO.PISA.MAT,492.3254
Czech Republic,CZE,PISA: Mean performance on the mathematics scale. Female,LO.PISA.MAT.FE,488.665606
Czech Republic,CZE,PISA: Mean performance on the mathematics scale. Male,LO.PISA.MAT.MA,495.7941658
Czech Republic,CZE,PISA: Mean performance on the reading scale,LO.PISA.REA,487.2501
Czech Republic,CZE,PISA: Mean performance on the reading scale. Female,LO.PISA.REA.FE,500.6526599
Czech Republic,CZE,PISA: Mean performance on the reading scale. Male,LO.PISA.REA.MA,474.5474644
Czech Republic,CZE,PISA: Mean performance on the science scale,LO.PISA.SCI,492.83
Czech Republic,CZE,PISA: Mean performance on the science scale. Female,LO.PISA.SCI.FE,488.3982801
Czech Republic,CZE,PISA: Mean performance on the science scale. Male,LO.PISA.SCI.MA,497.0304043
Denmark,DNK,PISA: Mean performance on the mathematics scale,LO.PISA.MAT,511.0876
Denmark,DNK,PISA: Mean performance on the mathematics scale. Female,LO.PISA.MAT.FE,506.374751
Denmark,DNK,PISA: Mean performance on the mathematics scale. Male,LO.PISA.MAT.MA,515.7564693
Denmark,DNK,PISA: Mean performance on the reading scale,LO.PISA.REA,499.8146
Denmark,DNK,PISA: Mean performance on the reading scale. Female,LO.PISA.REA.FE,510.951614
Denmark,DNK,PISA: Mean performance on the reading scale. Male,LO.PISA.REA.MA,488.7816405
Denmark,DNK,PISA: Mean performance on the science scale,LO.PISA.SCI,501.9369
Denmark,DNK,PISA: Mean performance on the science scale. Female,LO.PISA.SCI.FE,498.9027054
Denmark,DNK,PISA: Mean performance on the science scale. Male,LO.PISA.SCI.MA,504.9427147
Dominican Republic,DOM,PISA: Mean performance on the mathematics scale,LO.PISA.MAT,327.702
Dominican Republic,DOM,PISA: Mean performance on the mathematics scale. Female,LO.PISA.MAT.FE,329.7459308
Dominican Republic,DOM,PISA: Mean performance on the mathematics scale. Male,LO.PISA.MAT.MA,325.5865611
Dominican Republic,DOM,PISA: Mean performance on the reading scale,LO.PISA.REA,357.7377
Dominican Republic,DOM,PISA: Mean performance on the reading scale. Female,LO.PISA.REA.FE,372.7805828
Dominican Republic,DOM,PISA: Mean performance on the reading scale. Male,LO.PISA.REA.MA,342.1681549
Dominican Republic,DOM,PISA: Mean performance on the science scale,LO.PISA.SCI,331.6388
Dominican Republic,DOM,PISA: Mean performance on the science scale. Female,LO.PISA.SCI.FE,330.8289914
Dominican Republic,DOM,PISA: Mean performance on the science scale. Male,LO.PISA.SCI.MA,332.4770146
Ecuador,ECU,PISA: Mean performance on the mathematics scale,LO.PISA.MAT,..
Ecuador,ECU,PISA: Mean performance on the mathematics scale. Female,LO.PISA.MAT.FE,..
Ecuador,ECU,PISA: Mean performance on the mathematics scale. Male,LO.PISA.MAT.MA,..
Ecuador,ECU,PISA: Mean performance on the reading scale,LO.PISA.REA,..
Ecuador,ECU,PISA: Mean performance on the reading scale. Female,LO.PISA.REA.FE,..
Ecuador,ECU,PISA: Mean performance on the reading scale. Male,LO.PISA.REA.MA,..
Ecuador,ECU,PISA: Mean performance on the science scale,LO.PISA.SCI,..
Ecuador,ECU,PISA: Mean performance on the science scale. Female,LO.PISA.SCI.FE,..
Ecuador,ECU,PISA: Mean performance on the science scale. Male,LO.PISA.SCI.MA,..
"Egypt, Arab Rep.",EGY,PISA: Mean performance on the mathematics scale,LO.PISA.MAT,..
"Egypt, Arab Rep.",EGY,PISA: Mean performance on the mathematics scale. Female,LO.PISA.MAT.FE,..
"Egypt, Arab Rep.",EGY,PISA: Mean performance on the mathematics scale. Male,LO.PISA.MAT.MA,..
"Egypt, Arab Rep.",EGY,PISA: Mean performance on the reading scale,LO.PISA.REA,..
"Egypt, Arab Rep.",EGY,PISA: Mean performance on the reading scale. Female,LO.PISA.REA.FE,..
"Egypt, Arab Rep.",EGY,PISA: Mean performance on the reading scale. Male,LO.PISA.REA.MA,..
"Egypt, Arab Rep.",EGY,PISA: Mean performance on the science scale,LO.PISA.SCI,..
"Egypt, Arab Rep.",EGY,PISA: Mean performance on the science scale. Female,LO.PISA.SCI.FE,..
"Egypt, Arab Rep.",EGY,PISA: Mean performance on the science scale. Male,LO.PISA.SCI.MA,..
El Salvador,SLV,PISA: Mean performance on the mathematics scale,LO.PISA.MAT,..
El Salvador,SLV,PISA: Mean performance on the mathematics scale. Female,LO.PISA.MAT.FE,..
El Salvador,SLV,PISA: Mean performance on the mathematics scale. Male,LO.PISA.MAT.MA,..
El Salvador,SLV,PISA: Mean performance on the reading scale,LO.PISA.REA,..
El Salvador,SLV,PISA: Mean performance on the reading scale. Female,LO.PISA.REA.FE,..
El Salvador,SLV,PISA: Mean performance on the reading scale. Male,LO.PISA.REA.MA,..
El Salvador,SLV,PISA: Mean performance on the science scale,LO.PISA.SCI,..
El Salvador,SLV,PISA: Mean performance on the science scale. Female,LO.PISA.SCI.FE,..
El Salvador,SLV,PISA: Mean performance on the science scale. Male,LO.PISA.SCI.MA,..
Estonia,EST,PISA: Mean performance on the mathematics scale,LO.PISA.MAT,519.5291
Estonia,EST,PISA: Mean performance on the mathematics scale. Female,LO.PISA.MAT.FE,516.8727534
Estonia,EST,PISA: Mean performance on the mathematics scale. Male,LO.PISA.MAT.MA,522.0804136
Estonia,EST,PISA: Mean performance on the reading scale,LO.PISA.REA,519.1429
Estonia,EST,PISA: Mean performance on the reading scale. Female,LO.PISA.REA.FE,533.3619842
Estonia,EST,PISA: Mean performance on the reading scale. Male,LO.PISA.REA.MA,505.4863257
Estonia,EST,PISA: Mean performance on the science scale,LO.PISA.SCI,534.1937
Estonia,EST,PISA: Mean performance on the science scale. Female,LO.PISA.SCI.FE,532.5227847
Estonia,EST,PISA: Mean performance on the science scale. Male,LO.PISA.SCI.MA,535.7985943
Ethiopia,ETH,PISA: Mean performance on the mathematics scale,LO.PISA.MAT,..
Ethiopia,ETH,PISA: Mean performance on the mathematics scale. Female,LO.PISA.MAT.FE,..
Ethiopia,ETH,PISA: Mean performance on the mathematics scale. Male,LO.PISA.MAT.MA,..
Ethiopia,ETH,PISA: Mean performance on the reading scale,LO.PISA.REA,..
Ethiopia,ETH,PISA: Mean performance on the reading scale. Female,LO.PISA.REA.FE,..
Ethiopia,ETH,PISA: Mean performance on the reading scale. Male,LO.PISA.REA.MA,..
Ethiopia,ETH,PISA: Mean performance on the science scale,LO.PISA.SCI,..
Ethiopia,ETH,PISA: Mean performance on the science scale. Female,LO.PISA.SCI.FE,..
Ethiopia,ETH,PISA: Mean performance on the science scale. Male,LO.PISA.SCI.MA,..
Finland,FIN,PISA: Mean performance on the mathematics scale,LO.PISA.MAT,511.0769
Finland,FIN,PISA: Mean performance on the mathematics scale. Female,LO.PISA.MAT.FE,514.9649972
Finland,FIN,PISA: Mean performance on the mathematics scale. Male,LO.PISA.MAT.MA,507.4528411
Finland,FIN,PISA: Mean performance on the reading scale,LO.PISA.REA,526.4247
Finland,FIN,PISA: Mean performance on the reading scale. Female,LO.PISA.REA.FE,550.511164
Finland,FIN,PISA: Mean performance on the reading scale. Male,LO.PISA.REA.MA,503.974583
Finland,FIN,PISA: Mean performance on the science scale,LO.PISA.SCI,530.6612
Finland,FIN,PISA: Mean performance on the science scale. Female,LO.PISA.SCI.FE,540.5118232
Finland,FIN,PISA: Mean performance on the science scale. Male,LO.PISA.SCI.MA,521.4796761
France,FRA,PISA: Mean performance on the mathematics scale,LO.PISA.MAT,492.9204
France,FRA,PISA: Mean performance on the mathematics scale. Female,LO.PISA.MAT.FE,489.954043
France,FRA,PISA: Mean performance on the mathematics scale. Male,LO.PISA.MAT.MA,495.9316879
France,FRA,PISA: Mean performance on the reading scale,LO.PISA.REA,499.3061
France,FRA,PISA: Mean performance on the reading scale. Female,LO.PISA.REA.FE,513.7640194
France,FRA,PISA: Mean performance on the reading scale. Male,LO.PISA.REA.MA,484.6292857
France,FRA,PISA: Mean performance on the science scale,LO.PISA.SCI,494.9776
France,FRA,PISA: Mean performance on the science scale. Female,LO.PISA.SCI.FE,494.0342082
France,FRA,PISA: Mean performance on the science scale. Male,LO.PISA.SCI.MA,495.9352801
Gabon,GAB,PISA: Mean performance on the mathematics scale,LO.PISA.MAT,..
Gabon,GAB,PISA: Mean performance on the mathematics scale. Female,LO.PISA.MAT.FE,..
Gabon,GAB,PISA: Mean performance on the mathematics scale. Male,LO.PISA.MAT.MA,..
Gabon,GAB,PISA: Mean performance on the reading scale,LO.PISA.REA,..
Gabon,GAB,PISA: Mean performance on the reading scale. Female,LO.PISA.REA.FE,..
Gabon,GAB,PISA: Mean performance on the reading scale. Male,LO.PISA.REA.MA,..
Gabon,GAB,PISA: Mean performance on the science scale,LO.PISA.SCI,..
Gabon,GAB,PISA: Mean performance on the science scale. Female,LO.PISA.SCI.FE,..
Gabon,GAB,PISA: Mean performance on the science scale. Male,LO.PISA.SCI.MA,..
Georgia,GEO,PISA: Mean performance on the mathematics scale,LO.PISA.MAT,403.8332
Georgia,GEO,PISA: Mean performance on the mathematics scale. Female,LO.PISA.MAT.FE,410.596014
Georgia,GEO,PISA: Mean performance on the mathematics scale. Male,LO.PISA.MAT.MA,397.7477903
Georgia,GEO,PISA: Mean performance on the reading scale,LO.PISA.REA,401.2881
Georgia,GEO,PISA: Mean performance on the reading scale. Female,LO.PISA.REA.FE,431.881966
Georgia,GEO,PISA: Mean performance on the reading scale. Male,LO.PISA.REA.MA,373.758527
Georgia,GEO,PISA: Mean performance on the science scale,LO.PISA.SCI,411.1315
Georgia,GEO,PISA: Mean performance on the science scale. Female,LO.PISA.SCI.FE,419.6164111
Georgia,GEO,PISA: Mean performance on the science scale. Male,LO.PISA.SCI.MA,403.4964653
Germany,DEU,PISA: Mean performance on the mathematics scale,LO.PISA.MAT,505.9713
Germany,DEU,PISA: Mean performance on the mathematics scale. Female,LO.PISA.MAT.FE,497.5310789
Germany,DEU,PISA: Mean performance on the mathematics scale. Male,LO.PISA.MAT.MA,514.1176523
Germany,DEU,PISA: Mean performance on the reading scale,LO.PISA.REA,509.1041
Germany,DEU,PISA: Mean performance on the reading scale. Female,LO.PISA.REA.FE,519.6741087
Germany,DEU,PISA: Mean performance on the reading scale. Male,LO.PISA.REA.MA,498.9021463
Germany,DEU,PISA: Mean performance on the science scale,LO.PISA.SCI,509.1406
Germany,DEU,PISA: Mean performance on the science scale. Female,LO.PISA.SCI.FE,503.8121198
Germany,DEU,PISA: Mean performance on the science scale. Male,LO.PISA.SCI.MA,514.2836696
Ghana,GHA,PISA: Mean performance on the mathematics scale,LO.PISA.MAT,..
Ghana,GHA,PISA: Mean performance on the mathematics scale. Female,LO.PISA.MAT.FE,..
Ghana,GHA,PISA: Mean performance on the mathematics scale. Male,LO.PISA.MAT.MA,..
Ghana,GHA,PISA: Mean performance on the reading scale,LO.PISA.REA,..
Ghana,GHA,PISA: Mean performance on the reading scale. Female,LO.PISA.REA.FE,..
Ghana,GHA,PISA: Mean performance on the reading scale. Male,LO.PISA.REA.MA,..
Ghana,GHA,PISA: Mean performance on the science scale,LO.PISA.SCI,..
Ghana,GHA,PISA: Mean performance on the science scale. Female,LO.PISA.SCI.FE,..
Ghana,GHA,PISA: Mean performance on the science scale. Male,LO.PISA.SCI.MA,..
Greece,GRC,PISA: Mean performance on the mathematics scale,LO.PISA.MAT,453.6299
Greece,GRC,PISA: Mean performance on the mathematics scale. Female,LO.PISA.MAT.FE,453.5732228
Greece,GRC,PISA: Mean performance on the mathematics scale. Male,LO.PISA.MAT.MA,453.682056
Greece,GRC,PISA: Mean performance on the reading scale,LO.PISA.REA,467.0395
Greece,GRC,PISA: Mean performance on the reading scale. Female,LO.PISA.REA.FE,486.4600303
Greece,GRC,PISA: Mean performance on the reading scale. Male,LO.PISA.REA.MA,449.1362461
Greece,GRC,PISA: Mean performance on the science scale,LO.PISA.SCI,454.8288
Greece,GRC,PISA: Mean performance on the science scale. Female,LO.PISA.SCI.FE,459.4177418
Greece,GRC,PISA: Mean performance on the science scale. Male,LO.PISA.SCI.MA,450.5983959
Guatemala,GTM,PISA: Mean performance on the mathematics scale,LO.PISA.MAT,..
Guatemala,GTM,PISA: Mean performance on the mathematics scale. Female,LO.PISA.MAT.FE,..
Guatemala,GTM,PISA: Mean performance on the mathematics scale. Male,LO.PISA.MAT.MA,..
Guatemala,GTM,PISA: Mean performance on the reading scale,LO.PISA.REA,..
Guatemala,GTM,PISA: Mean performance on the reading scale. Female,LO.PISA.REA.FE,..
Guatemala,GTM,PISA: Mean performance on the reading scale. Male,LO.PISA.REA.MA,..
Guatemala,GTM,PISA: Mean performance on the science scale,LO.PISA.SCI,..
Guatemala,GTM,PISA: Mean performance on the science scale. Female,LO.PISA.SCI.FE,..
Guatemala,GTM,PISA: Mean performance on the science scale. Male,LO.PISA.SCI.MA,..
Guyana,GUY,PISA: Mean performance on the mathematics scale,LO.PISA.MAT,..
Guyana,GUY,PISA: Mean performance on the mathematics scale. Female,LO.PISA.MAT.FE,..
Guyana,GUY,PISA: Mean performance on the mathematics scale. Male,LO.PISA.MAT.MA,..
Guyana,GUY,PISA: Mean performance on the reading scale,LO.PISA.REA,..
Guyana,GUY,PISA: Mean performance on the reading scale. Female,LO.PISA.REA.FE,..
Guyana,GUY,PISA: Mean performance on the reading scale. Male,LO.PISA.REA.MA,..
Guyana,GUY,PISA: Mean performance on the science scale,LO.PISA.SCI,..
Guyana,GUY,PISA: Mean performance on the science scale. Female,LO.PISA.SCI.FE,..
Guyana,GUY,PISA: Mean performance on the science scale. Male,LO.PISA.SCI.MA,..
Honduras,HND,PISA: Mean performance on the mathematics scale,LO.PISA.MAT,..
Honduras,HND,PISA: Mean performance on the mathematics scale. Female,LO.PISA.MAT.FE,..
Honduras,HND,PISA: Mean performance on the mathematics scale. Male,LO.PISA.MAT.MA,..
Honduras,HND,PISA: Mean performance on the reading scale,LO.PISA.REA,..
Honduras,HND,PISA: Mean performance on the reading scale. Female,LO.PISA.REA.FE,..
Honduras,HND,PISA: Mean performance on the reading scale. Male,LO.PISA.REA.MA,..
Honduras,HND,PISA: Mean performance on the science scale,LO.PISA.SCI,..
Honduras,HND,PISA: Mean performance on the science scale. Female,LO.PISA.SCI.FE,..
Honduras,HND,PISA: Mean performance on the science scale. Male,LO.PISA.SCI.MA,..
"Hong Kong SAR, China",HKG,PISA: Mean performance on the mathematics scale,LO.PISA.MAT,547.931
"Hong Kong SAR, China",HKG,PISA: Mean performance on the mathematics scale. Female,LO.PISA.MAT.FE,546.7682118
"Hong Kong SAR, China",HKG,PISA: Mean performance on the mathematics scale. Male,LO.PISA.MAT.MA,549.0658437
"Hong Kong SAR, China",HKG,PISA: Mean performance on the reading scale,LO.PISA.REA,526.6753
"Hong Kong SAR, China",HKG,PISA: Mean performance on the reading scale. Female,LO.PISA.REA.FE,540.9844198
"Hong Kong SAR, China",HKG,PISA: Mean performance on the reading scale. Male,LO.PISA.REA.MA,512.7113332
"Hong Kong SAR, China",HKG,PISA: Mean performance on the science scale,LO.PISA.SCI,523.2774
"Hong Kong SAR, China",HKG,PISA: Mean performance on the science scale. Female,LO.PISA.SCI.FE,523.7490823
"Hong Kong SAR, China",HKG,PISA: Mean performance on the science scale. Male,LO.PISA.SCI.MA,522.8171865
Hungary,HUN,PISA: Mean performance on the mathematics scale,LO.PISA.MAT,476.8309
Hungary,HUN,PISA: Mean performance on the mathematics scale. Female,LO.PISA.MAT.FE,472.7395081
Hungary,HUN,PISA: Mean performance on the mathematics scale. Male,LO.PISA.MAT.MA,480.905545
Hungary,HUN,PISA: Mean performance on the reading scale,LO.PISA.REA,469.5233
Hungary,HUN,PISA: Mean performance on the reading scale. Female,LO.PISA.REA.FE,481.959565
Hungary,HUN,PISA: Mean performance on the reading scale. Male,LO.PISA.REA.MA,457.1377326
Hungary,HUN,PISA: Mean performance on the science scale,LO.PISA.SCI,476.7475
Hungary,HUN,PISA: Mean performance on the science scale. Female,LO.PISA.SCI.FE,475.2483939
Hungary,HUN,PISA: Mean performance on the science scale. Male,LO.PISA.SCI.MA,478.240508
Iceland,ISL,PISA: Mean performance on the mathematics scale,LO.PISA.MAT,488.0332
Iceland,ISL,PISA: Mean performance on the mathematics scale. Female,LO.PISA.MAT.FE,488.5869688
Iceland,ISL,PISA: Mean performance on the mathematics scale. Male,LO.PISA.MAT.MA,487.4456579
Iceland,ISL,PISA: Mean performance on the reading scale,LO.PISA.REA,481.5255
Iceland,ISL,PISA: Mean performance on the reading scale. Female,LO.PISA.REA.FE,501.7167031
Iceland,ISL,PISA: Mean performance on the reading scale. Male,LO.PISA.REA.MA,460.1036015
Iceland,ISL,PISA: Mean performance on the science scale,LO.PISA.SCI,473.2301
Iceland,ISL,PISA: Mean performance on the science scale. Female,LO.PISA.SCI.FE,474.6556183
Iceland,ISL,PISA: Mean performance on the science scale. Male,LO.PISA.SCI.MA,471.7176682
Indonesia,IDN,PISA: Mean performance on the mathematics scale,LO.PISA.MAT,386.1096
Indonesia,IDN,PISA: Mean performance on the mathematics scale. Female,LO.PISA.MAT.FE,387.4449753
Indonesia,IDN,PISA: Mean performance on the mathematics scale. Male,LO.PISA.MAT.MA,384.7792788
Indonesia,IDN,PISA: Mean performance on the reading scale,LO.PISA.REA,397.2595
Indonesia,IDN,PISA: Mean performance on the reading scale. Female,LO.PISA.REA.FE,408.9994168
Indonesia,IDN,PISA: Mean performance on the reading scale. Male,LO.PISA.REA.MA,385.5641584
Indonesia,IDN,PISA: Mean performance on the science scale,LO.PISA.SCI,403.0997
Indonesia,IDN,PISA: Mean performance on the science scale. Female,LO.PISA.SCI.FE,405.1289271
Indonesia,IDN,PISA: Mean performance on the science scale. Male,LO.PISA.SCI.MA,401.0782695
"Iran, Islamic Rep.",IRN,PISA: Mean performance on the mathematics scale,LO.PISA.MAT,..
"Iran, Islamic Rep.",IRN,PISA: Mean performance on the mathematics scale. Female,LO.PISA.MAT.FE,..
"Iran, Islamic Rep.",IRN,PISA: Mean performance on the mathematics scale. Male,LO.PISA.MAT.MA,..
"Iran, Islamic Rep.",IRN,PISA: Mean performance on the reading scale,LO.PISA.REA,..
"Iran, Islamic Rep.",IRN,PISA: Mean performance on the reading scale. Female,LO.PISA.REA.FE,..
"Iran, Islamic Rep.",IRN,PISA: Mean performance on the reading scale. Male,LO.PISA.REA.MA,..
"Iran, Islamic Rep.",IRN,PISA: Mean performance on the science scale,LO.PISA.SCI,..
"Iran, Islamic Rep.",IRN,PISA: Mean performance on the science scale. Female,LO.PISA.SCI.FE,..
"Iran, Islamic Rep.",IRN,PISA: Mean performance on the science scale. Male,LO.PISA.SCI.MA,..
Ireland,IRL,PISA: Mean performance on the mathematics scale,LO.PISA.MAT,503.722
Ireland,IRL,PISA: Mean performance on the mathematics scale. Female,LO.PISA.MAT.FE,495.4449673
Ireland,IRL,PISA: Mean performance on the mathematics scale. Male,LO.PISA.MAT.MA,511.5796549
Ireland,IRL,PISA: Mean performance on the reading scale,LO.PISA.REA,520.8148
Ireland,IRL,PISA: Mean performance on the reading scale. Female,LO.PISA.REA.FE,526.9490861
Ireland,IRL,PISA: Mean performance on the reading scale. Male,LO.PISA.REA.MA,514.9914
Ireland,IRL,PISA: Mean performance on the science scale,LO.PISA.SCI,502.5751
Ireland,IRL,PISA: Mean performance on the science scale. Female,LO.PISA.SCI.FE,497.1739589
Ireland,IRL,PISA: Mean performance on the science scale. Male,LO.PISA.SCI.MA,507.7026116
Israel,ISR,PISA: Mean performance on the mathematics scale,LO.PISA.MAT,469.6695
Israel,ISR,PISA: Mean performance on the mathematics scale. Female,LO.PISA.MAT.FE,465.5168508
Israel,ISR,PISA: Mean performance on the mathematics scale. Male,LO.PISA.MAT.MA,473.9902425
Israel,ISR,PISA: Mean performance on the reading scale,LO.PISA.REA,478.9606
Israel,ISR,PISA: Mean performance on the reading scale. Female,LO.PISA.REA.FE,490.1649542
Israel,ISR,PISA: Mean performance on the reading scale. Male,LO.PISA.REA.MA,467.3025542
Israel,ISR,PISA: Mean performance on the science scale,LO.PISA.SCI,466.5528
Israel,ISR,PISA: Mean performance on the science scale. Female,LO.PISA.SCI.FE,464.4476735
Israel,ISR,PISA: Mean performance on the science scale. Male,LO.PISA.SCI.MA,468.7432126
Italy,ITA,PISA: Mean performance on the mathematics scale,LO.PISA.MAT,489.7287
Italy,ITA,PISA: Mean performance on the mathematics scale. Female,LO.PISA.MAT.FE,479.8237436
Italy,ITA,PISA: Mean performance on the mathematics scale. Male,LO.PISA.MAT.MA,499.7621132
Italy,ITA,PISA: Mean performance on the reading scale,LO.PISA.REA,484.758
Italy,ITA,PISA: Mean performance on the reading scale. Female,LO.PISA.REA.FE,492.7091224
Italy,ITA,PISA: Mean performance on the reading scale. Male,LO.PISA.REA.MA,476.7038028
Italy,ITA,PISA: Mean performance on the science scale,LO.PISA.SCI,480.5468
Italy,ITA,PISA: Mean performance on the science scale. Female,LO.PISA.SCI.FE,472.118973
Italy,ITA,PISA: Mean performance on the science scale. Male,LO.PISA.SCI.MA,489.0837988
Japan,JPN,PISA: Mean performance on the mathematics scale,LO.PISA.MAT,532.4399
Japan,JPN,PISA: Mean performance on the mathematics scale. Female,LO.PISA.MAT.FE,525.4959946
Japan,JPN,PISA: Mean performance on the mathematics scale. Male,LO.PISA.MAT.MA,539.2672568
Japan,JPN,PISA: Mean performance on the reading scale,LO.PISA.REA,515.9585
Japan,JPN,PISA: Mean performance on the reading scale. Female,LO.PISA.REA.FE,522.6552809
Japan,JPN,PISA: Mean performance on the reading scale. Male,LO.PISA.REA.MA,509.3740271
Japan,JPN,PISA: Mean performance on the science scale,LO.PISA.SCI,538.3948
Japan,JPN,PISA: Mean performance on the science scale. Female,LO.PISA.SCI.FE,531.5328985
Japan,JPN,PISA: Mean performance on the science scale. Male,LO.PISA.SCI.MA,545.1414866
Jordan,JOR,PISA: Mean performance on the mathematics scale,LO.PISA.MAT,380.259
Jordan,JOR,PISA: Mean performance on the mathematics scale. Female,LO.PISA.MAT.FE,387.3772001
Jordan,JOR,PISA: Mean performance on the mathematics scale. Male,LO.PISA.MAT.MA,373.001317
Jordan,JOR,PISA: Mean performance on the reading scale,LO.PISA.REA,408.1022
Jordan,JOR,PISA: Mean performance on the reading scale. Female,LO.PISA.REA.FE,443.5963943
Jordan,JOR,PISA: Mean performance on the reading scale. Male,LO.PISA.REA.MA,371.9123759
Jordan,JOR,PISA: Mean performance on the science scale,LO.PISA.SCI,408.6691
Jordan,JOR,PISA: Mean performance on the science scale. Female,LO.PISA.SCI.FE,427.9967111
Jordan,JOR,PISA: Mean performance on the science scale. Male,LO.PISA.SCI.MA,388.9627284
Kazakhstan,KAZ,PISA: Mean performance on the mathematics scale,LO.PISA.MAT,459.816
Kazakhstan,KAZ,PISA: Mean performance on the mathematics scale. Female,LO.PISA.MAT.FE,460.5771542
Kazakhstan,KAZ,PISA: Mean performance on the mathematics scale. Male,LO.PISA.MAT.MA,459.1037586
Kazakhstan,KAZ,PISA: Mean performance on the reading scale,LO.PISA.REA,427.141
Kazakhstan,KAZ,PISA: Mean performance on the reading scale. Female,LO.PISA.REA.FE,435.3836166
Kazakhstan,KAZ,PISA: Mean performance on the reading scale. Male,LO.PISA.REA.MA,419.4282209
Kazakhstan,KAZ,PISA: Mean performance on the science scale,LO.PISA.SCI,456.4836
Kazakhstan,KAZ,PISA: Mean performance on the science scale. Female,LO.PISA.SCI.FE,457.8601896
Kazakhstan,KAZ,PISA: Mean performance on the science scale. Male,LO.PISA.SCI.MA,455.1954457
Kenya,KEN,PISA: Mean performance on the mathematics scale,LO.PISA.MAT,..
Kenya,KEN,PISA: Mean performance on the mathematics scale. Female,LO.PISA.MAT.FE,..
Kenya,KEN,PISA: Mean performance on the mathematics scale. Male,LO.PISA.MAT.MA,..
Kenya,KEN,PISA: Mean performance on the reading scale,LO.PISA.REA,..
Kenya,KEN,PISA: Mean performance on the reading scale. Female,LO.PISA.REA.FE,..
Kenya,KEN,PISA: Mean performance on the reading scale. Male,LO.PISA.REA.MA,..
Kenya,KEN,PISA: Mean performance on the science scale,LO.PISA.SCI,..
Kenya,KEN,PISA: Mean performance on the science scale. Female,LO.PISA.SCI.FE,..
Kenya,KEN,PISA: Mean performance on the science scale. Male,LO.PISA.SCI.MA,..
"Korea, Rep.",KOR,PISA: Mean performance on the mathematics scale,LO.PISA.MAT,524.1062
"Korea, Rep.",KOR,PISA: Mean performance on the mathematics scale. Female,LO.PISA.MAT.FE,527.7566652
"Korea, Rep.",KOR,PISA: Mean performance on the mathematics scale. Male,LO.PISA.MAT.MA,520.7669374
"Korea, Rep.",KOR,PISA: Mean performance on the reading scale,LO.PISA.REA,517.4367
"Korea, Rep.",KOR,PISA: Mean performance on the reading scale. Female,LO.PISA.REA.FE,538.6092176
"Korea, Rep.",KOR,PISA: Mean performance on the reading scale. Male,LO.PISA.REA.MA,498.0689879
"Korea, Rep.",KOR,PISA: Mean performance on the science scale,LO.PISA.SCI,515.8099
"Korea, Rep.",KOR,PISA: Mean performance on the science scale. Female,LO.PISA.SCI.FE,520.832927
"Korea, Rep.",KOR,PISA: Mean performance on the science scale. Male,LO.PISA.SCI.MA,511.2150658
Kuwait,KWT,PISA: Mean performance on the mathematics scale,LO.PISA.MAT,..
Kuwait,KWT,PISA: Mean performance on the mathematics scale. Female,LO.PISA.MAT.FE,..
Kuwait,KWT,PISA: Mean performance on the mathematics scale. Male,LO.PISA.MAT.MA,..
Kuwait,KWT,PISA: Mean performance on the reading scale,LO.PISA.REA,..
Kuwait,KWT,PISA: Mean performance on the reading scale. Female,LO.PISA.REA.FE,..
Kuwait,KWT,PISA: Mean performance on the reading scale. Male,LO.PISA.REA.MA,..
Kuwait,KWT,PISA: Mean performance on the science scale,LO.PISA.SCI,..
Kuwait,KWT,PISA: Mean performance on the science scale. Female,LO.PISA.SCI.FE,..
Kuwait,KWT,PISA: Mean performance on the science scale. Male,LO.PISA.SCI.MA,..
Kyrgyz Republic,KGZ,PISA: Mean performance on the mathematics scale,LO.PISA.MAT,..
Kyrgyz Republic,KGZ,PISA: Mean performance on the mathematics scale. Female,LO.PISA.MAT.FE,..
Kyrgyz Republic,KGZ,PISA: Mean performance on the mathematics scale. Male,LO.PISA.MAT.MA,..
Kyrgyz Republic,KGZ,PISA: Mean performance on the reading scale,LO.PISA.REA,..
Kyrgyz Republic,KGZ,PISA: Mean performance on the reading scale. Female,LO.PISA.REA.FE,..
Kyrgyz Republic,KGZ,PISA: Mean performance on the reading scale. Male,LO.PISA.REA.MA,..
Kyrgyz Republic,KGZ,PISA: Mean performance on the science scale,LO.PISA.SCI,..
Kyrgyz Republic,KGZ,PISA: Mean performance on the science scale. Female,LO.PISA.SCI.FE,..
Kyrgyz Republic,KGZ,PISA: Mean performance on the science scale. Male,LO.PISA.SCI.MA,..
Latvia,LVA,PISA: Mean performance on the mathematics scale,LO.PISA.MAT,482.3051
Latvia,LVA,PISA: Mean performance on the mathematics scale. Female,LO.PISA.MAT.FE,483.2572598
Latvia,LVA,PISA: Mean performance on the mathematics scale. Male,LO.PISA.MAT.MA,481.3557855
Latvia,LVA,PISA: Mean performance on the reading scale,LO.PISA.REA,487.7581
Latvia,LVA,PISA: Mean performance on the reading scale. Female,LO.PISA.REA.FE,508.8250739
Latvia,LVA,PISA: Mean performance on the reading scale. Male,LO.PISA.REA.MA,466.7552174
Latvia,LVA,PISA: Mean performance on the science scale,LO.PISA.SCI,490.225
Latvia,LVA,PISA: Mean performance on the science scale. Female,LO.PISA.SCI.FE,495.5791531
Latvia,LVA,PISA: Mean performance on the science scale. Male,LO.PISA.SCI.MA,484.8871764
Lebanon,LBN,PISA: Mean performance on the mathematics scale,LO.PISA.MAT,396.2497
Lebanon,LBN,PISA: Mean performance on the mathematics scale. Female,LO.PISA.MAT.FE,385.9892111
Lebanon,LBN,PISA: Mean performance on the mathematics scale. Male,LO.PISA.MAT.MA,408.0571129
Lebanon,LBN,PISA: Mean performance on the reading scale,LO.PISA.REA,346.549
Lebanon,LBN,PISA: Mean performance on the reading scale. Female,LO.PISA.REA.FE,353.2772957
Lebanon,LBN,PISA: Mean performance on the reading scale. Male,LO.PISA.REA.MA,338.8061934
Lebanon,LBN,PISA: Mean performance on the science scale,LO.PISA.SCI,386.4854
Lebanon,LBN,PISA: Mean performance on the science scale. Female,LO.PISA.SCI.FE,385.5464963
Lebanon,LBN,PISA: Mean performance on the science scale. Male,LO.PISA.SCI.MA,387.5658068
Lesotho,LSO,PISA: Mean performance on the mathematics scale,LO.PISA.MAT,..
Lesotho,LSO,PISA: Mean performance on the mathematics scale. Female,LO.PISA.MAT.FE,..
Lesotho,LSO,PISA: Mean performance on the mathematics scale. Male,LO.PISA.MAT.MA,..
Lesotho,LSO,PISA: Mean performance on the reading scale,LO.PISA.REA,..
Lesotho,LSO,PISA: Mean performance on the reading scale. Female,LO.PISA.REA.FE,..
Lesotho,LSO,PISA: Mean performance on the reading scale. Male,LO.PISA.REA.MA,..
Lesotho,LSO,PISA: Mean performance on the science scale,LO.PISA.SCI,..
Lesotho,LSO,PISA: Mean performance on the science scale. Female,LO.PISA.SCI.FE,..
Lesotho,LSO,PISA: Mean performance on the science scale. Male,LO.PISA.SCI.MA,..
Liechtenstein,LIE,PISA: Mean performance on the mathematics scale,LO.PISA.MAT,..
Liechtenstein,LIE,PISA: Mean performance on the mathematics scale. Female,LO.PISA.MAT.FE,..
Liechtenstein,LIE,PISA: Mean performance on the mathematics scale. Male,LO.PISA.MAT.MA,..
Liechtenstein,LIE,PISA: Mean performance on the reading scale,LO.PISA.REA,..
Liechtenstein,LIE,PISA: Mean performance on the reading scale. Female,LO.PISA.REA.FE,..
Liechtenstein,LIE,PISA: Mean performance on the reading scale. Male,LO.PISA.REA.MA,..
Liechtenstein,LIE,PISA: Mean performance on the science scale,LO.PISA.SCI,..
Liechtenstein,LIE,PISA: Mean performance on the science scale. Female,LO.PISA.SCI.FE,..
Liechtenstein,LIE,PISA: Mean performance on the science scale. Male,LO.PISA.SCI.MA,..
Lithuania,LTU,PISA: Mean performance on the mathematics scale,LO.PISA.MAT,478.3834
Lithuania,LTU,PISA: Mean performance on the mathematics scale. Female,LO.PISA.MAT.FE,479.0177775
Lithuania,LTU,PISA: Mean performance on the mathematics scale. Male,LO.PISA.MAT.MA,477.7677277
Lithuania,LTU,PISA: Mean performance on the reading scale,LO.PISA.REA,472.4066
Lithuania,LTU,PISA: Mean performance on the reading scale. Female,LO.PISA.REA.FE,492.2423178
Lithuania,LTU,PISA: Mean performance on the reading scale. Male,LO.PISA.REA.MA,453.1566643
Lithuania,LTU,PISA: Mean performance on the science scale,LO.PISA.SCI,475.4089
Lithuania,LTU,PISA: Mean performance on the science scale. Female,LO.PISA.SCI.FE,479.1618201
Lithuania,LTU,PISA: Mean performance on the science scale. Male,LO.PISA.SCI.MA,471.766923
Luxembourg,LUX,PISA: Mean performance on the mathematics scale,LO.PISA.MAT,485.7706
Luxembourg,LUX,PISA: Mean performance on the mathematics scale. Female,LO.PISA.MAT.FE,480.1360043
Luxembourg,LUX,PISA: Mean performance on the mathematics scale. Male,LO.PISA.MAT.MA,491.4830672
Luxembourg,LUX,PISA: Mean performance on the reading scale,LO.PISA.REA,481.4391
Luxembourg,LUX,PISA: Mean performance on the reading scale. Female,LO.PISA.REA.FE,492.0348
Luxembourg,LUX,PISA: Mean performance on the reading scale. Male,LO.PISA.REA.MA,470.6970069
Luxembourg,LUX,PISA: Mean performance on the science scale,LO.PISA.SCI,482.8064
Luxembourg,LUX,PISA: Mean performance on the science scale. Female,LO.PISA.SCI.FE,479.0130824
Luxembourg,LUX,PISA: Mean performance on the science scale. Male,LO.PISA.SCI.MA,486.6520611
"Macao SAR, China",MAC,PISA: Mean performance on the mathematics scale,LO.PISA.MAT,543.8078
"Macao SAR, China",MAC,PISA: Mean performance on the mathematics scale. Female,LO.PISA.MAT.FE,547.922679
"Macao SAR, China",MAC,PISA: Mean performance on the mathematics scale. Male,LO.PISA.MAT.MA,539.7238381
"Macao SAR, China",MAC,PISA: Mean performance on the reading scale,LO.PISA.REA,508.6905
"Macao SAR, China",MAC,PISA: Mean performance on the reading scale. Female,LO.PISA.REA.FE,524.5389275
"Macao SAR, China",MAC,PISA: Mean performance on the reading scale. Male,LO.PISA.REA.MA,492.9613683
"Macao SAR, China",MAC,PISA: Mean performance on the science scale,LO.PISA.SCI,528.5496
"Macao SAR, China",MAC,PISA: Mean performance on the science scale. Female,LO.PISA.SCI.FE,532.4156655
"Macao SAR, China",MAC,PISA: Mean performance on the science scale. Male,LO.PISA.SCI.MA,524.7126329
"Macedonia, FYR",MKD,PISA: Mean performance on the mathematics scale,LO.PISA.MAT,371.3114
"Macedonia, FYR",MKD,PISA: Mean performance on the mathematics scale. Female,LO.PISA.MAT.FE,374.739739
"Macedonia, FYR",MKD,PISA: Mean performance on the mathematics scale. Male,LO.PISA.MAT.MA,368.2373573
"Macedonia, FYR",MKD,PISA: Mean performance on the reading scale,LO.PISA.REA,351.7415
"Macedonia, FYR",MKD,PISA: Mean performance on the reading scale. Female,LO.PISA.REA.FE,375.8379589
"Macedonia, FYR",MKD,PISA: Mean performance on the reading scale. Male,LO.PISA.REA.MA,330.1350226
"Macedonia, FYR",MKD,PISA: Mean performance on the science scale,LO.PISA.SCI,383.6824
"Macedonia, FYR",MKD,PISA: Mean performance on the science scale. Female,LO.PISA.SCI.FE,394.4027358
"Macedonia, FYR",MKD,PISA: Mean performance on the science scale. Male,LO.PISA.SCI.MA,374.0697682
Madagascar,MDG,PISA: Mean performance on the mathematics scale,LO.PISA.MAT,..
Madagascar,MDG,PISA: Mean performance on the mathematics scale. Female,LO.PISA.MAT.FE,..
Madagascar,MDG,PISA: Mean performance on the mathematics scale. Male,LO.PISA.MAT.MA,..
Madagascar,MDG,PISA: Mean performance on the reading scale,LO.PISA.REA,..
Madagascar,MDG,PISA: Mean performance on the reading scale. Female,LO.PISA.REA.FE,..
Madagascar,MDG,PISA: Mean performance on the reading scale. Male,LO.PISA.REA.MA,..
Madagascar,MDG,PISA: Mean performance on the science scale,LO.PISA.SCI,..
Madagascar,MDG,PISA: Mean performance on the science scale. Female,LO.PISA.SCI.FE,..
Madagascar,MDG,PISA: Mean performance on the science scale. Male,LO.PISA.SCI.MA,..
Malawi,MWI,PISA: Mean performance on the mathematics scale,LO.PISA.MAT,..
Malawi,MWI,PISA: Mean performance on the mathematics scale. Female,LO.PISA.MAT.FE,..
Malawi,MWI,PISA: Mean performance on the mathematics scale. Male,LO.PISA.MAT.MA,..
Malawi,MWI,PISA: Mean performance on the reading scale,LO.PISA.REA,..
Malawi,MWI,PISA: Mean performance on the reading scale. Female,LO.PISA.REA.FE,..
Malawi,MWI,PISA: Mean performance on the reading scale. Male,LO.PISA.REA.MA,..
Malawi,MWI,PISA: Mean performance on the science scale,LO.PISA.SCI,..
Malawi,MWI,PISA: Mean performance on the science scale. Female,LO.PISA.SCI.FE,..
Malawi,MWI,PISA: Mean performance on the science scale. Male,LO.PISA.SCI.MA,..
Malaysia,MYS,PISA: Mean performance on the mathematics scale,LO.PISA.MAT,446.1098
Malaysia,MYS,PISA: Mean performance on the mathematics scale. Female,LO.PISA.MAT.FE,449.1973382
Malaysia,MYS,PISA: Mean performance on the mathematics scale. Male,LO.PISA.MAT.MA,442.6725176
Malaysia,MYS,PISA: Mean performance on the reading scale,LO.PISA.REA,430.5782
Malaysia,MYS,PISA: Mean performance on the reading scale. Female,LO.PISA.REA.FE,445.3567032
Malaysia,MYS,PISA: Mean performance on the reading scale. Male,LO.PISA.REA.MA,414.1258659
Malaysia,MYS,PISA: Mean performance on the science scale,LO.PISA.SCI,442.9475
Malaysia,MYS,PISA: Mean performance on the science scale. Female,LO.PISA.SCI.FE,444.7308308
Malaysia,MYS,PISA: Mean performance on the science scale. Male,LO.PISA.SCI.MA,440.9622327
Mali,MLI,PISA: Mean performance on the mathematics scale,LO.PISA.MAT,..
Mali,MLI,PISA: Mean performance on the mathematics scale. Female,LO.PISA.MAT.FE,..
Mali,MLI,PISA: Mean performance on the mathematics scale. Male,LO.PISA.MAT.MA,..
Mali,MLI,PISA: Mean performance on the reading scale,LO.PISA.REA,..
Mali,MLI,PISA: Mean performance on the reading scale. Female,LO.PISA.REA.FE,..
Mali,MLI,PISA: Mean performance on the reading scale. Male,LO.PISA.REA.MA,..
Mali,MLI,PISA: Mean performance on the science scale,LO.PISA.SCI,..
Mali,MLI,PISA: Mean performance on the science scale. Female,LO.PISA.SCI.FE,..
Mali,MLI,PISA: Mean performance on the science scale. Male,LO.PISA.SCI.MA,..
Malta,MLT,PISA: Mean performance on the mathematics scale,LO.PISA.MAT,478.6448
Malta,MLT,PISA: Mean performance on the mathematics scale. Female,LO.PISA.MAT.FE,480.6730974
Malta,MLT,PISA: Mean performance on the mathematics scale. Male,LO.PISA.MAT.MA,476.6767311
Malta,MLT,PISA: Mean performance on the reading scale,LO.PISA.REA,446.6661
Malta,MLT,PISA: Mean performance on the reading scale. Female,LO.PISA.REA.FE,468.0581007
Malta,MLT,PISA: Mean performance on the reading scale. Male,LO.PISA.REA.MA,425.9100594
Malta,MLT,PISA: Mean performance on the science scale,LO.PISA.SCI,464.7819
Malta,MLT,PISA: Mean performance on the science scale. Female,LO.PISA.SCI.FE,470.2136948
Malta,MLT,PISA: Mean performance on the science scale. Male,LO.PISA.SCI.MA,459.5116513
Mauritius,MUS,PISA: Mean performance on the mathematics scale,LO.PISA.MAT,..
Mauritius,MUS,PISA: Mean performance on the mathematics scale. Female,LO.PISA.MAT.FE,..
Mauritius,MUS,PISA: Mean performance on the mathematics scale. Male,LO.PISA.MAT.MA,..
Mauritius,MUS,PISA: Mean performance on the reading scale,LO.PISA.REA,..
Mauritius,MUS,PISA: Mean performance on the reading scale. Female,LO.PISA.REA.FE,..
Mauritius,MUS,PISA: Mean performance on the reading scale. Male,LO.PISA.REA.MA,..
Mauritius,MUS,PISA: Mean performance on the science scale,LO.PISA.SCI,..
Mauritius,MUS,PISA: Mean performance on the science scale. Female,LO.PISA.SCI.FE,..
Mauritius,MUS,PISA: Mean performance on the science scale. Male,LO.PISA.SCI.MA,..
Mexico,MEX,PISA: Mean performance on the mathematics scale,LO.PISA.MAT,408.0235
Mexico,MEX,PISA: Mean performance on the mathematics scale. Female,LO.PISA.MAT.FE,404.3348694
Mexico,MEX,PISA: Mean performance on the mathematics scale. Male,LO.PISA.MAT.MA,411.6105127
Mexico,MEX,PISA: Mean performance on the reading scale,LO.PISA.REA,423.2765
Mexico,MEX,PISA: Mean performance on the reading scale. Female,LO.PISA.REA.FE,431.2322142
Mexico,MEX,PISA: Mean performance on the reading scale. Male,LO.PISA.REA.MA,415.5398247
Mexico,MEX,PISA: Mean performance on the science scale,LO.PISA.SCI,415.7099
Mexico,MEX,PISA: Mean performance on the science scale. Female,LO.PISA.SCI.FE,411.5535796
Mexico,MEX,PISA: Mean performance on the science scale. Male,LO.PISA.SCI.MA,419.7517336
Moldova,MDA,PISA: Mean performance on the mathematics scale,LO.PISA.MAT,419.6635
Moldova,MDA,PISA: Mean performance on the mathematics scale. Female,LO.PISA.MAT.FE,420.6077369
Moldova,MDA,PISA: Mean performance on the mathematics scale. Male,LO.PISA.MAT.MA,418.7272561
Moldova,MDA,PISA: Mean performance on the reading scale,LO.PISA.REA,416.2293
Moldova,MDA,PISA: Mean performance on the reading scale. Female,LO.PISA.REA.FE,442.185002
Moldova,MDA,PISA: Mean performance on the reading scale. Male,LO.PISA.REA.MA,390.4921679
Moldova,MDA,PISA: Mean performance on the science scale,LO.PISA.SCI,427.9978
Moldova,MDA,PISA: Mean performance on the science scale. Female,LO.PISA.SCI.FE,431.4185954
Moldova,MDA,PISA: Mean performance on the science scale. Male,LO.PISA.SCI.MA,424.6058285
Mongolia,MNG,PISA: Mean performance on the mathematics scale,LO.PISA.MAT,..
Mongolia,MNG,PISA: Mean performance on the mathematics scale. Female,LO.PISA.MAT.FE,..
Mongolia,MNG,PISA: Mean performance on the mathematics scale. Male,LO.PISA.MAT.MA,..
Mongolia,MNG,PISA: Mean performance on the reading scale,LO.PISA.REA,..
Mongolia,MNG,PISA: Mean performance on the reading scale. Female,LO.PISA.REA.FE,..
Mongolia,MNG,PISA: Mean performance on the reading scale. Male,LO.PISA.REA.MA,..
Mongolia,MNG,PISA: Mean performance on the science scale,LO.PISA.SCI,..
Mongolia,MNG,PISA: Mean performance on the science scale. Female,LO.PISA.SCI.FE,..
Mongolia,MNG,PISA: Mean performance on the science scale. Male,LO.PISA.SCI.MA,..
Montenegro,MNE,PISA: Mean performance on the mathematics scale,LO.PISA.MAT,417.9341
Montenegro,MNE,PISA: Mean performance on the mathematics scale. Female,LO.PISA.MAT.FE,417.7265351
Montenegro,MNE,PISA: Mean performance on the mathematics scale. Male,LO.PISA.MAT.MA,418.1325886
Montenegro,MNE,PISA: Mean performance on the reading scale,LO.PISA.REA,426.8845
Montenegro,MNE,PISA: Mean performance on the reading scale. Female,LO.PISA.REA.FE,444.179088
Montenegro,MNE,PISA: Mean performance on the reading scale. Male,LO.PISA.REA.MA,410.3503804
Montenegro,MNE,PISA: Mean performance on the science scale,LO.PISA.SCI,411.3136
Montenegro,MNE,PISA: Mean performance on the science scale. Female,LO.PISA.SCI.FE,413.8134168
Montenegro,MNE,PISA: Mean performance on the science scale. Male,LO.PISA.SCI.MA,408.9238056
Morocco,MAR,PISA: Mean performance on the mathematics scale,LO.PISA.MAT,..
Morocco,MAR,PISA: Mean performance on the mathematics scale. Female,LO.PISA.MAT.FE,..
Morocco,MAR,PISA: Mean performance on the mathematics scale. Male,LO.PISA.MAT.MA,..
Morocco,MAR,PISA: Mean performance on the reading scale,LO.PISA.REA,..
Morocco,MAR,PISA: Mean performance on the reading scale. Female,LO.PISA.REA.FE,..
Morocco,MAR,PISA: Mean performance on the reading scale. Male,LO.PISA.REA.MA,..
Morocco,MAR,PISA: Mean performance on the science scale,LO.PISA.SCI,..
Morocco,MAR,PISA: Mean performance on the science scale. Female,LO.PISA.SCI.FE,..
Morocco,MAR,PISA: Mean performance on the science scale. Male,LO.PISA.SCI.MA,..
Mozambique,MOZ,PISA: Mean performance on the mathematics scale,LO.PISA.MAT,..
Mozambique,MOZ,PISA: Mean performance on the mathematics scale. Female,LO.PISA.MAT.FE,..
Mozambique,MOZ,PISA: Mean performance on the mathematics scale. Male,LO.PISA.MAT.MA,..
Mozambique,MOZ,PISA: Mean performance on the reading scale,LO.PISA.REA,..
Mozambique,MOZ,PISA: Mean performance on the reading scale. Female,LO.PISA.REA.FE,..
Mozambique,MOZ,PISA: Mean performance on the reading scale. Male,LO.PISA.REA.MA,..
Mozambique,MOZ,PISA: Mean performance on the science scale,LO.PISA.SCI,..
Mozambique,MOZ,PISA: Mean performance on the science scale. Female,LO.PISA.SCI.FE,..
Mozambique,MOZ,PISA: Mean performance on the science scale. Male,LO.PISA.SCI.MA,..
Namibia,NAM,PISA: Mean performance on the mathematics scale,LO.PISA.MAT,..
Namibia,NAM,PISA: Mean performance on the mathematics scale. Female,LO.PISA.MAT.FE,..
Namibia,NAM,PISA: Mean performance on the mathematics scale. Male,LO.PISA.MAT.MA,..
Namibia,NAM,PISA: Mean performance on the reading scale,LO.PISA.REA,..
Namibia,NAM,PISA: Mean performance on the reading scale. Female,LO.PISA.REA.FE,..
Namibia,NAM,PISA: Mean performance on the reading scale. Male,LO.PISA.REA.MA,..
Namibia,NAM,PISA: Mean performance on the science scale,LO.PISA.SCI,..
Namibia,NAM,PISA: Mean performance on the science scale. Female,LO.PISA.SCI.FE,..
Namibia,NAM,PISA: Mean performance on the science scale. Male,LO.PISA.SCI.MA,..
Netherlands,NLD,PISA: Mean performance on the mathematics scale,LO.PISA.MAT,512.2528
Netherlands,NLD,PISA: Mean performance on the mathematics scale. Female,LO.PISA.MAT.FE,511.0159407
Netherlands,NLD,PISA: Mean performance on the mathematics scale. Male,LO.PISA.MAT.MA,513.4978467
Netherlands,NLD,PISA: Mean performance on the reading scale,LO.PISA.REA,502.9591
Netherlands,NLD,PISA: Mean performance on the reading scale. Female,LO.PISA.REA.FE,514.7034556
Netherlands,NLD,PISA: Mean performance on the reading scale. Male,LO.PISA.REA.MA,491.1367106
Netherlands,NLD,PISA: Mean performance on the science scale,LO.PISA.SCI,508.5748
Netherlands,NLD,PISA: Mean performance on the science scale. Female,LO.PISA.SCI.FE,506.5180913
Netherlands,NLD,PISA: Mean performance on the science scale. Male,LO.PISA.SCI.MA,510.6451692
New Zealand,NZL,PISA: Mean performance on the mathematics scale,LO.PISA.MAT,495.2233
New Zealand,NZL,PISA: Mean performance on the mathematics scale. Female,LO.PISA.MAT.FE,490.9219058
New Zealand,NZL,PISA: Mean performance on the mathematics scale. Male,LO.PISA.MAT.MA,499.4705472
New Zealand,NZL,PISA: Mean performance on the reading scale,LO.PISA.REA,509.2707
New Zealand,NZL,PISA: Mean performance on the reading scale. Female,LO.PISA.REA.FE,525.5198542
New Zealand,NZL,PISA: Mean performance on the reading scale. Male,LO.PISA.REA.MA,493.2257891
New Zealand,NZL,PISA: Mean performance on the science scale,LO.PISA.SCI,513.3035
New Zealand,NZL,PISA: Mean performance on the science scale. Female,LO.PISA.SCI.FE,510.7250268
New Zealand,NZL,PISA: Mean performance on the science scale. Male,LO.PISA.SCI.MA,515.8495911
Nicaragua,NIC,PISA: Mean performance on the mathematics scale,LO.PISA.MAT,..
Nicaragua,NIC,PISA: Mean performance on the mathematics scale. Female,LO.PISA.MAT.FE,..
Nicaragua,NIC,PISA: Mean performance on the mathematics scale. Male,LO.PISA.MAT.MA,..
Nicaragua,NIC,PISA: Mean performance on the reading scale,LO.PISA.REA,..
Nicaragua,NIC,PISA: Mean performance on the reading scale. Female,LO.PISA.REA.FE,..
Nicaragua,NIC,PISA: Mean performance on the reading scale. Male,LO.PISA.REA.MA,..
Nicaragua,NIC,PISA: Mean performance on the science scale,LO.PISA.SCI,..
Nicaragua,NIC,PISA: Mean performance on the science scale. Female,LO.PISA.SCI.FE,..
Nicaragua,NIC,PISA: Mean performance on the science scale. Male,LO.PISA.SCI.MA,..
Niger,NER,PISA: Mean performance on the mathematics scale,LO.PISA.MAT,..
Niger,NER,PISA: Mean performance on the mathematics scale. Female,LO.PISA.MAT.FE,..
Niger,NER,PISA: Mean performance on the mathematics scale. Male,LO.PISA.MAT.MA,..
Niger,NER,PISA: Mean performance on the reading scale,LO.PISA.REA,..
Niger,NER,PISA: Mean performance on the reading scale. Female,LO.PISA.REA.FE,..
Niger,NER,PISA: Mean performance on the reading scale. Male,LO.PISA.REA.MA,..
Niger,NER,PISA: Mean performance on the science scale,LO.PISA.SCI,..
Niger,NER,PISA: Mean performance on the science scale. Female,LO.PISA.SCI.FE,..
Niger,NER,PISA: Mean performance on the science scale. Male,LO.PISA.SCI.MA,..
Norway,NOR,PISA: Mean performance on the mathematics scale,LO.PISA.MAT,501.7298
Norway,NOR,PISA: Mean performance on the mathematics scale. Female,LO.PISA.MAT.FE,502.8736553
Norway,NOR,PISA: Mean performance on the mathematics scale. Male,LO.PISA.MAT.MA,500.6149264
Norway,NOR,PISA: Mean performance on the reading scale,LO.PISA.REA,513.1912
Norway,NOR,PISA: Mean performance on the reading scale. Female,LO.PISA.REA.FE,533.3559993
Norway,NOR,PISA: Mean performance on the reading scale. Male,LO.PISA.REA.MA,493.5367362
Norway,NOR,PISA: Mean performance on the science scale,LO.PISA.SCI,498.4811
Norway,NOR,PISA: Mean performance on the science scale. Female,LO.PISA.SCI.FE,497.0013801
Norway,NOR,PISA: Mean performance on the science scale. Male,LO.PISA.SCI.MA,499.9233854
Oman,OMN,PISA: Mean performance on the mathematics scale,LO.PISA.MAT,..
Oman,OMN,PISA: Mean performance on the mathematics scale. Female,LO.PISA.MAT.FE,..
Oman,OMN,PISA: Mean performance on the mathematics scale. Male,LO.PISA.MAT.MA,..
Oman,OMN,PISA: Mean performance on the reading scale,LO.PISA.REA,..
Oman,OMN,PISA: Mean performance on the reading scale. Female,LO.PISA.REA.FE,..
Oman,OMN,PISA: Mean performance on the reading scale. Male,LO.PISA.REA.MA,..
Oman,OMN,PISA: Mean performance on the science scale,LO.PISA.SCI,..
Oman,OMN,PISA: Mean performance on the science scale. Female,LO.PISA.SCI.FE,..
Oman,OMN,PISA: Mean performance on the science scale. Male,LO.PISA.SCI.MA,..
Panama,PAN,PISA: Mean performance on the mathematics scale,LO.PISA.MAT,..
Panama,PAN,PISA: Mean performance on the mathematics scale. Female,LO.PISA.MAT.FE,..
Panama,PAN,PISA: Mean performance on the mathematics scale. Male,LO.PISA.MAT.MA,..
Panama,PAN,PISA: Mean performance on the reading scale,LO.PISA.REA,..
Panama,PAN,PISA: Mean performance on the reading scale. Female,LO.PISA.REA.FE,..
Panama,PAN,PISA: Mean performance on the reading scale. Male,LO.PISA.REA.MA,..
Panama,PAN,PISA: Mean performance on the science scale,LO.PISA.SCI,..
Panama,PAN,PISA: Mean performance on the science scale. Female,LO.PISA.SCI.FE,..
Panama,PAN,PISA: Mean performance on the science scale. Male,LO.PISA.SCI.MA,..
Paraguay,PRY,PISA: Mean performance on the mathematics scale,LO.PISA.MAT,..
Paraguay,PRY,PISA: Mean performance on the mathematics scale. Female,LO.PISA.MAT.FE,..
Paraguay,PRY,PISA: Mean performance on the mathematics scale. Male,LO.PISA.MAT.MA,..
Paraguay,PRY,PISA: Mean performance on the reading scale,LO.PISA.REA,..
Paraguay,PRY,PISA: Mean performance on the reading scale. Female,LO.PISA.REA.FE,..
Paraguay,PRY,PISA: Mean performance on the reading scale. Male,LO.PISA.REA.MA,..
Paraguay,PRY,PISA: Mean performance on the science scale,LO.PISA.SCI,..
Paraguay,PRY,PISA: Mean performance on the science scale. Female,LO.PISA.SCI.FE,..
Paraguay,PRY,PISA: Mean performance on the science scale. Male,LO.PISA.SCI.MA,..
Peru,PER,PISA: Mean performance on the mathematics scale,LO.PISA.MAT,386.5606
Peru,PER,PISA: Mean performance on the mathematics scale. Female,LO.PISA.MAT.FE,381.7971565
Peru,PER,PISA: Mean performance on the mathematics scale. Male,LO.PISA.MAT.MA,391.2785911
Peru,PER,PISA: Mean performance on the reading scale,LO.PISA.REA,397.5414
Peru,PER,PISA: Mean performance on the reading scale. Female,LO.PISA.REA.FE,401.4246901
Peru,PER,PISA: Mean performance on the reading scale. Male,LO.PISA.REA.MA,393.695225
Peru,PER,PISA: Mean performance on the science scale,LO.PISA.SCI,396.6836
Peru,PER,PISA: Mean performance on the science scale. Female,LO.PISA.SCI.FE,391.6809586
Peru,PER,PISA: Mean performance on the science scale. Male,LO.PISA.SCI.MA,401.638628
Philippines,PHL,PISA: Mean performance on the mathematics scale,LO.PISA.MAT,..
Philippines,PHL,PISA: Mean performance on the mathematics scale. Female,LO.PISA.MAT.FE,..
Philippines,PHL,PISA: Mean performance on the mathematics scale. Male,LO.PISA.MAT.MA,..
Philippines,PHL,PISA: Mean performance on the reading scale,LO.PISA.REA,..
Philippines,PHL,PISA: Mean performance on the reading scale. Female,LO.PISA.REA.FE,..
Philippines,PHL,PISA: Mean performance on the reading scale. Male,LO.PISA.REA.MA,..
Philippines,PHL,PISA: Mean performance on the science scale,LO.PISA.SCI,..
Philippines,PHL,PISA: Mean performance on the science scale. Female,LO.PISA.SCI.FE,..
Philippines,PHL,PISA: Mean performance on the science scale. Male,LO.PISA.SCI.MA,..
Poland,POL,PISA: Mean performance on the mathematics scale,LO.PISA.MAT,504.4693
Poland,POL,PISA: Mean performance on the mathematics scale. Female,LO.PISA.MAT.FE,498.6466565
Poland,POL,PISA: Mean performance on the mathematics scale. Male,LO.PISA.MAT.MA,510.0876955
Poland,POL,PISA: Mean performance on the reading scale,LO.PISA.REA,505.6971
Poland,POL,PISA: Mean performance on the reading scale. Female,LO.PISA.REA.FE,520.6746402
Poland,POL,PISA: Mean performance on the reading scale. Male,LO.PISA.REA.MA,491.2446417
Poland,POL,PISA: Mean performance on the science scale,LO.PISA.SCI,501.4353
Poland,POL,PISA: Mean performance on the science scale. Female,LO.PISA.SCI.FE,498.3032362
Poland,POL,PISA: Mean performance on the science scale. Male,LO.PISA.SCI.MA,504.4576107
Portugal,PRT,PISA: Mean performance on the mathematics scale,LO.PISA.MAT,491.627
Portugal,PRT,PISA: Mean performance on the mathematics scale. Female,LO.PISA.MAT.FE,486.5997385
Portugal,PRT,PISA: Mean performance on the mathematics scale. Male,LO.PISA.MAT.MA,496.560575
Portugal,PRT,PISA: Mean performance on the reading scale,LO.PISA.REA,498.1289
Portugal,PRT,PISA: Mean performance on the reading scale. Female,LO.PISA.REA.FE,506.5517668
Portugal,PRT,PISA: Mean performance on the reading scale. Male,LO.PISA.REA.MA,489.8628966
Portugal,PRT,PISA: Mean performance on the science scale,LO.PISA.SCI,501.1001
Portugal,PRT,PISA: Mean performance on the science scale. Female,LO.PISA.SCI.FE,496.0552209
Portugal,PRT,PISA: Mean performance on the science scale. Male,LO.PISA.SCI.MA,506.0509536
Qatar,QAT,PISA: Mean performance on the mathematics scale,LO.PISA.MAT,402.4007
Qatar,QAT,PISA: Mean performance on the mathematics scale. Female,LO.PISA.MAT.FE,408.3214385
Qatar,QAT,PISA: Mean performance on the mathematics scale. Male,LO.PISA.MAT.MA,396.7547392
Qatar,QAT,PISA: Mean performance on the reading scale,LO.PISA.REA,401.8874
Qatar,QAT,PISA: Mean performance on the reading scale. Female,LO.PISA.REA.FE,428.9546256
Qatar,QAT,PISA: Mean performance on the reading scale. Male,LO.PISA.REA.MA,376.0766086
Qatar,QAT,PISA: Mean performance on the science scale,LO.PISA.SCI,417.6112
Qatar,QAT,PISA: Mean performance on the science scale. Female,LO.PISA.SCI.FE,429.4478778
Qatar,QAT,PISA: Mean performance on the science scale. Male,LO.PISA.SCI.MA,406.3239219
Russian Federation,RUS,PISA: Mean performance on the mathematics scale,LO.PISA.MAT,494.06
Russian Federation,RUS,PISA: Mean performance on the mathematics scale. Female,LO.PISA.MAT.FE,491.121915
Russian Federation,RUS,PISA: Mean performance on the mathematics scale. Male,LO.PISA.MAT.MA,497.0891099
Russian Federation,RUS,PISA: Mean performance on the reading scale,LO.PISA.REA,494.6278
Russian Federation,RUS,PISA: Mean performance on the reading scale. Female,LO.PISA.REA.FE,507.483307
Russian Federation,RUS,PISA: Mean performance on the reading scale. Male,LO.PISA.REA.MA,481.37435
Russian Federation,RUS,PISA: Mean performance on the science scale,LO.PISA.SCI,486.631
Russian Federation,RUS,PISA: Mean performance on the science scale. Female,LO.PISA.SCI.FE,484.5142843
Russian Federation,RUS,PISA: Mean performance on the science scale. Male,LO.PISA.SCI.MA,488.8133328
Rwanda,RWA,PISA: Mean performance on the mathematics scale,LO.PISA.MAT,..
Rwanda,RWA,PISA: Mean performance on the mathematics scale. Female,LO.PISA.MAT.FE,..
Rwanda,RWA,PISA: Mean performance on the mathematics scale. Male,LO.PISA.MAT.MA,..
Rwanda,RWA,PISA: Mean performance on the reading scale,LO.PISA.REA,..
Rwanda,RWA,PISA: Mean performance on the reading scale. Female,LO.PISA.REA.FE,..
Rwanda,RWA,PISA: Mean performance on the reading scale. Male,LO.PISA.REA.MA,..
Rwanda,RWA,PISA: Mean performance on the science scale,LO.PISA.SCI,..
Rwanda,RWA,PISA: Mean performance on the science scale. Female,LO.PISA.SCI.FE,..
Rwanda,RWA,PISA: Mean performance on the science scale. Male,LO.PISA.SCI.MA,..
Saudi Arabia,SAU,PISA: Mean performance on the mathematics scale,LO.PISA.MAT,..
Saudi Arabia,SAU,PISA: Mean performance on the mathematics scale. Female,LO.PISA.MAT.FE,..
Saudi Arabia,SAU,PISA: Mean performance on the mathematics scale. Male,LO.PISA.MAT.MA,..
Saudi Arabia,SAU,PISA: Mean performance on the reading scale,LO.PISA.REA,..
Saudi Arabia,SAU,PISA: Mean performance on the reading scale. Female,LO.PISA.REA.FE,..
Saudi Arabia,SAU,PISA: Mean performance on the reading scale. Male,LO.PISA.REA.MA,..
Saudi Arabia,SAU,PISA: Mean performance on the science scale,LO.PISA.SCI,..
Saudi Arabia,SAU,PISA: Mean performance on the science scale. Female,LO.PISA.SCI.FE,..
Saudi Arabia,SAU,PISA: Mean performance on the science scale. Male,LO.PISA.SCI.MA,..
Senegal,SEN,PISA: Mean performance on the mathematics scale,LO.PISA.MAT,..
Senegal,SEN,PISA: Mean performance on the mathematics scale. Female,LO.PISA.MAT.FE,..
Senegal,SEN,PISA: Mean performance on the mathematics scale. Male,LO.PISA.MAT.MA,..
Senegal,SEN,PISA: Mean performance on the reading scale,LO.PISA.REA,..
Senegal,SEN,PISA: Mean performance on the reading scale. Female,LO.PISA.REA.FE,..
Senegal,SEN,PISA: Mean performance on the reading scale. Male,LO.PISA.REA.MA,..
Senegal,SEN,PISA: Mean performance on the science scale,LO.PISA.SCI,..
Senegal,SEN,PISA: Mean performance on the science scale. Female,LO.PISA.SCI.FE,..
Senegal,SEN,PISA: Mean performance on the science scale. Male,LO.PISA.SCI.MA,..
Serbia,SRB,PISA: Mean performance on the mathematics scale,LO.PISA.MAT,..
Serbia,SRB,PISA: Mean performance on the mathematics scale. Female,LO.PISA.MAT.FE,..
Serbia,SRB,PISA: Mean performance on the mathematics scale. Male,LO.PISA.MAT.MA,..
Serbia,SRB,PISA: Mean performance on the reading scale,LO.PISA.REA,..
Serbia,SRB,PISA: Mean performance on the reading scale. Female,LO.PISA.REA.FE,..
Serbia,SRB,PISA: Mean performance on the reading scale. Male,LO.PISA.REA.MA,..
Serbia,SRB,PISA: Mean performance on the science scale,LO.PISA.SCI,..
Serbia,SRB,PISA: Mean performance on the science scale. Female,LO.PISA.SCI.FE,..
Serbia,SRB,PISA: Mean performance on the science scale. Male,LO.PISA.SCI.MA,..
Seychelles,SYC,PISA: Mean performance on the mathematics scale,LO.PISA.MAT,..
Seychelles,SYC,PISA: Mean performance on the mathematics scale. Female,LO.PISA.MAT.FE,..
Seychelles,SYC,PISA: Mean performance on the mathematics scale. Male,LO.PISA.MAT.MA,..
Seychelles,SYC,PISA: Mean performance on the reading scale,LO.PISA.REA,..
Seychelles,SYC,PISA: Mean performance on the reading scale. Female,LO.PISA.REA.FE,..
Seychelles,SYC,PISA: Mean performance on the reading scale. Male,LO.PISA.REA.MA,..
Seychelles,SYC,PISA: Mean performance on the science scale,LO.PISA.SCI,..
Seychelles,SYC,PISA: Mean performance on the science scale. Female,LO.PISA.SCI.FE,..
Seychelles,SYC,PISA: Mean performance on the science scale. Male,LO.PISA.SCI.MA,..
Singapore,SGP,PISA: Mean performance on the mathematics scale,LO.PISA.MAT,564.1897
Singapore,SGP,PISA: Mean performance on the mathematics scale. Female,LO.PISA.MAT.FE,564.2545338
Singapore,SGP,PISA: Mean performance on the mathematics scale. Male,LO.PISA.MAT.MA,564.1290035
Singapore,SGP,PISA: Mean performance on the reading scale,LO.PISA.REA,535.1002
Singapore,SGP,PISA: Mean performance on the reading scale. Female,LO.PISA.REA.FE,545.5584787
Singapore,SGP,PISA: Mean performance on the reading scale. Male,LO.PISA.REA.MA,525.3152662
Singapore,SGP,PISA: Mean performance on the science scale,LO.PISA.SCI,555.5747
Singapore,SGP,PISA: Mean performance on the science scale. Female,LO.PISA.SCI.FE,552.273031
Singapore,SGP,PISA: Mean performance on the science scale. Male,LO.PISA.SCI.MA,558.6637344
Slovak Republic,SVK,PISA: Mean performance on the mathematics scale,LO.PISA.MAT,475.2301
Slovak Republic,SVK,PISA: Mean performance on the mathematics scale. Female,LO.PISA.MAT.FE,472.2707982
Slovak Republic,SVK,PISA: Mean performance on the mathematics scale. Male,LO.PISA.MAT.MA,478.0147616
Slovak Republic,SVK,PISA: Mean performance on the reading scale,LO.PISA.REA,452.5143
Slovak Republic,SVK,PISA: Mean performance on the reading scale. Female,LO.PISA.REA.FE,470.8627206
Slovak Republic,SVK,PISA: Mean performance on the reading scale. Male,LO.PISA.REA.MA,435.2488235
Slovak Republic,SVK,PISA: Mean performance on the science scale,LO.PISA.SCI,460.7749
Slovak Republic,SVK,PISA: Mean performance on the science scale. Female,LO.PISA.SCI.FE,461.2152617
Slovak Republic,SVK,PISA: Mean performance on the science scale. Male,LO.PISA.SCI.MA,460.3604409
Slovenia,SVN,PISA: Mean performance on the mathematics scale,LO.PISA.MAT,509.9196
Slovenia,SVN,PISA: Mean performance on the mathematics scale. Female,LO.PISA.MAT.FE,507.9492226
Slovenia,SVN,PISA: Mean performance on the mathematics scale. Male,LO.PISA.MAT.MA,511.7637281
Slovenia,SVN,PISA: Mean performance on the reading scale,LO.PISA.REA,505.2159
Slovenia,SVN,PISA: Mean performance on the reading scale. Female,LO.PISA.REA.FE,527.5538693
Slovenia,SVN,PISA: Mean performance on the reading scale. Male,LO.PISA.REA.MA,484.3098529
Slovenia,SVN,PISA: Mean performance on the science scale,LO.PISA.SCI,512.8636
Slovenia,SVN,PISA: Mean performance on the science scale. Female,LO.PISA.SCI.FE,515.773579
Slovenia,SVN,PISA: Mean performance on the science scale. Male,LO.PISA.SCI.MA,510.1401203
South Africa,ZAF,PISA: Mean performance on the mathematics scale,LO.PISA.MAT,..
South Africa,ZAF,PISA: Mean performance on the mathematics scale. Female,LO.PISA.MAT.FE,..
South Africa,ZAF,PISA: Mean performance on the mathematics scale. Male,LO.PISA.MAT.MA,..
South Africa,ZAF,PISA: Mean performance on the reading scale,LO.PISA.REA,..
South Africa,ZAF,PISA: Mean performance on the reading scale. Female,LO.PISA.REA.FE,..
South Africa,ZAF,PISA: Mean performance on the reading scale. Male,LO.PISA.REA.MA,..
South Africa,ZAF,PISA: Mean performance on the science scale,LO.PISA.SCI,..
South Africa,ZAF,PISA: Mean performance on the science scale. Female,LO.PISA.SCI.FE,..
South Africa,ZAF,PISA: Mean performance on the science scale. Male,LO.PISA.SCI.MA,..
Spain,ESP,PISA: Mean performance on the mathematics scale,LO.PISA.MAT,485.8432
Spain,ESP,PISA: Mean performance on the mathematics scale. Female,LO.PISA.MAT.FE,477.859261
Spain,ESP,PISA: Mean performance on the mathematics scale. Male,LO.PISA.MAT.MA,493.8485043
Spain,ESP,PISA: Mean performance on the reading scale,LO.PISA.REA,495.5764
Spain,ESP,PISA: Mean performance on the reading scale. Female,LO.PISA.REA.FE,505.6847199
Spain,ESP,PISA: Mean performance on the reading scale. Male,LO.PISA.REA.MA,485.4411446
Spain,ESP,PISA: Mean performance on the science scale,LO.PISA.SCI,492.7861
Spain,ESP,PISA: Mean performance on the science scale. Female,LO.PISA.SCI.FE,489.4560455
Spain,ESP,PISA: Mean performance on the science scale. Male,LO.PISA.SCI.MA,496.1251238
Swaziland,SWZ,PISA: Mean performance on the mathematics scale,LO.PISA.MAT,..
Swaziland,SWZ,PISA: Mean performance on the mathematics scale. Female,LO.PISA.MAT.FE,..
Swaziland,SWZ,PISA: Mean performance on the mathematics scale. Male,LO.PISA.MAT.MA,..
Swaziland,SWZ,PISA: Mean performance on the reading scale,LO.PISA.REA,..
Swaziland,SWZ,PISA: Mean performance on the reading scale. Female,LO.PISA.REA.FE,..
Swaziland,SWZ,PISA: Mean performance on the reading scale. Male,LO.PISA.REA.MA,..
Swaziland,SWZ,PISA: Mean performance on the science scale,LO.PISA.SCI,..
Swaziland,SWZ,PISA: Mean performance on the science scale. Female,LO.PISA.SCI.FE,..
Swaziland,SWZ,PISA: Mean performance on the science scale. Male,LO.PISA.SCI.MA,..
Sweden,SWE,PISA: Mean performance on the mathematics scale,LO.PISA.MAT,493.9181
Sweden,SWE,PISA: Mean performance on the mathematics scale. Female,LO.PISA.MAT.FE,495.0525623
Sweden,SWE,PISA: Mean performance on the mathematics scale. Male,LO.PISA.MAT.MA,492.8041354
Sweden,SWE,PISA: Mean performance on the reading scale,LO.PISA.REA,500.1556
Sweden,SWE,PISA: Mean performance on the reading scale. Female,LO.PISA.REA.FE,519.9498146
Sweden,SWE,PISA: Mean performance on the reading scale. Male,LO.PISA.REA.MA,480.7182784
Sweden,SWE,PISA: Mean performance on the science scale,LO.PISA.SCI,493.4224
Sweden,SWE,PISA: Mean performance on the science scale. Female,LO.PISA.SCI.FE,495.7183068
Sweden,SWE,PISA: Mean performance on the science scale. Male,LO.PISA.SCI.MA,491.1678004
Switzerland,CHE,PISA: Mean performance on the mathematics scale,LO.PISA.MAT,521.2506
Switzerland,CHE,PISA: Mean performance on the mathematics scale. Female,LO.PISA.MAT.FE,514.9831621
Switzerland,CHE,PISA: Mean performance on the mathematics scale. Male,LO.PISA.MAT.MA,527.0155333
Switzerland,CHE,PISA: Mean performance on the reading scale,LO.PISA.REA,492.1982
Switzerland,CHE,PISA: Mean performance on the reading scale. Female,LO.PISA.REA.FE,505.3731599
Switzerland,CHE,PISA: Mean performance on the reading scale. Male,LO.PISA.REA.MA,480.0795243
Switzerland,CHE,PISA: Mean performance on the science scale,LO.PISA.SCI,505.5058
Switzerland,CHE,PISA: Mean performance on the science scale. Female,LO.PISA.SCI.FE,502.3059332
Switzerland,CHE,PISA: Mean performance on the science scale. Male,LO.PISA.SCI.MA,508.4491649
Syrian Arab Republic,SYR,PISA: Mean performance on the mathematics scale,LO.PISA.MAT,..
Syrian Arab Republic,SYR,PISA: Mean performance on the mathematics scale. Female,LO.PISA.MAT.FE,..
Syrian Arab Republic,SYR,PISA: Mean performance on the mathematics scale. Male,LO.PISA.MAT.MA,..
Syrian Arab Republic,SYR,PISA: Mean performance on the reading scale,LO.PISA.REA,..
Syrian Arab Republic,SYR,PISA: Mean performance on the reading scale. Female,LO.PISA.REA.FE,..
Syrian Arab Republic,SYR,PISA: Mean performance on the reading scale. Male,LO.PISA.REA.MA,..
Syrian Arab Republic,SYR,PISA: Mean performance on the science scale,LO.PISA.SCI,..
Syrian Arab Republic,SYR,PISA: Mean performance on the science scale. Female,LO.PISA.SCI.FE,..
Syrian Arab Republic,SYR,PISA: Mean performance on the science scale. Male,LO.PISA.SCI.MA,..
Tanzania,TZA,PISA: Mean performance on the mathematics scale,LO.PISA.MAT,..
Tanzania,TZA,PISA: Mean performance on the mathematics scale. Female,LO.PISA.MAT.FE,..
Tanzania,TZA,PISA: Mean performance on the mathematics scale. Male,LO.PISA.MAT.MA,..
Tanzania,TZA,PISA: Mean performance on the reading scale,LO.PISA.REA,..
Tanzania,TZA,PISA: Mean performance on the reading scale. Female,LO.PISA.REA.FE,..
Tanzania,TZA,PISA: Mean performance on the reading scale. Male,LO.PISA.REA.MA,..
Tanzania,TZA,PISA: Mean performance on the science scale,LO.PISA.SCI,..
Tanzania,TZA,PISA: Mean performance on the science scale. Female,LO.PISA.SCI.FE,..
Tanzania,TZA,PISA: Mean performance on the science scale. Male,LO.PISA.SCI.MA,..
Thailand,THA,PISA: Mean performance on the mathematics scale,LO.PISA.MAT,415.4638
Thailand,THA,PISA: Mean performance on the mathematics scale. Female,LO.PISA.MAT.FE,416.7296649
Thailand,THA,PISA: Mean performance on the mathematics scale. Male,LO.PISA.MAT.MA,413.8091955
Thailand,THA,PISA: Mean performance on the reading scale,LO.PISA.REA,409.1301
Thailand,THA,PISA: Mean performance on the reading scale. Female,LO.PISA.REA.FE,422.5532598
Thailand,THA,PISA: Mean performance on the reading scale. Male,LO.PISA.REA.MA,391.584784
Thailand,THA,PISA: Mean performance on the science scale,LO.PISA.SCI,421.3373
Thailand,THA,PISA: Mean performance on the science scale. Female,LO.PISA.SCI.FE,425.2517986
Thailand,THA,PISA: Mean performance on the science scale. Male,LO.PISA.SCI.MA,416.2207376
Togo,TGO,PISA: Mean performance on the mathematics scale,LO.PISA.MAT,..
Togo,TGO,PISA: Mean performance on the mathematics scale. Female,LO.PISA.MAT.FE,..
Togo,TGO,PISA: Mean performance on the mathematics scale. Male,LO.PISA.MAT.MA,..
Togo,TGO,PISA: Mean performance on the reading scale,LO.PISA.REA,..
Togo,TGO,PISA: Mean performance on the reading scale. Female,LO.PISA.REA.FE,..
Togo,TGO,PISA: Mean performance on the reading scale. Male,LO.PISA.REA.MA,..
Togo,TGO,PISA: Mean performance on the science scale,LO.PISA.SCI,..
Togo,TGO,PISA: Mean performance on the science scale. Female,LO.PISA.SCI.FE,..
Togo,TGO,PISA: Mean performance on the science scale. Male,LO.PISA.SCI.MA,..
Trinidad and Tobago,TTO,PISA: Mean performance on the mathematics scale,LO.PISA.MAT,417.2434
Trinidad and Tobago,TTO,PISA: Mean performance on the mathematics scale. Female,LO.PISA.MAT.FE,425.9341478
Trinidad and Tobago,TTO,PISA: Mean performance on the mathematics scale. Male,LO.PISA.MAT.MA,408.3297834
Trinidad and Tobago,TTO,PISA: Mean performance on the reading scale,LO.PISA.REA,427.2733
Trinidad and Tobago,TTO,PISA: Mean performance on the reading scale. Female,LO.PISA.REA.FE,452.4411664
Trinidad and Tobago,TTO,PISA: Mean performance on the reading scale. Male,LO.PISA.REA.MA,401.4599389
Trinidad and Tobago,TTO,PISA: Mean performance on the science scale,LO.PISA.SCI,424.5905
Trinidad and Tobago,TTO,PISA: Mean performance on the science scale. Female,LO.PISA.SCI.FE,434.7075165
Trinidad and Tobago,TTO,PISA: Mean performance on the science scale. Male,LO.PISA.SCI.MA,414.2139546
Tunisia,TUN,PISA: Mean performance on the mathematics scale,LO.PISA.MAT,366.818
Tunisia,TUN,PISA: Mean performance on the mathematics scale. Female,LO.PISA.MAT.FE,363.9996284
Tunisia,TUN,PISA: Mean performance on the mathematics scale. Male,LO.PISA.MAT.MA,370.0814345
Tunisia,TUN,PISA: Mean performance on the reading scale,LO.PISA.REA,361.0555
Tunisia,TUN,PISA: Mean performance on the reading scale. Female,LO.PISA.REA.FE,372.672552
Tunisia,TUN,PISA: Mean performance on the reading scale. Male,LO.PISA.REA.MA,347.6038306
Tunisia,TUN,PISA: Mean performance on the science scale,LO.PISA.SCI,386.4034
Tunisia,TUN,PISA: Mean performance on the science scale. Female,LO.PISA.SCI.FE,384.6151579
Tunisia,TUN,PISA: Mean performance on the science scale. Male,LO.PISA.SCI.MA,388.47398
Turkey,TUR,PISA: Mean performance on the mathematics scale,LO.PISA.MAT,420.454
Turkey,TUR,PISA: Mean performance on the mathematics scale. Female,LO.PISA.MAT.FE,417.5270111
Turkey,TUR,PISA: Mean performance on the mathematics scale. Male,LO.PISA.MAT.MA,423.3776931
Turkey,TUR,PISA: Mean performance on the reading scale,LO.PISA.REA,428.3351
Turkey,TUR,PISA: Mean performance on the reading scale. Female,LO.PISA.REA.FE,442.2460806
Turkey,TUR,PISA: Mean performance on the reading scale. Male,LO.PISA.REA.MA,414.4395835
Turkey,TUR,PISA: Mean performance on the science scale,LO.PISA.SCI,425.4895
Turkey,TUR,PISA: Mean performance on the science scale. Female,LO.PISA.SCI.FE,428.6547737
Turkey,TUR,PISA: Mean performance on the science scale. Male,LO.PISA.SCI.MA,422.327767
Uganda,UGA,PISA: Mean performance on the mathematics scale,LO.PISA.MAT,..
Uganda,UGA,PISA: Mean performance on the mathematics scale. Female,LO.PISA.MAT.FE,..
Uganda,UGA,PISA: Mean performance on the mathematics scale. Male,LO.PISA.MAT.MA,..
Uganda,UGA,PISA: Mean performance on the reading scale,LO.PISA.REA,..
Uganda,UGA,PISA: Mean performance on the reading scale. Female,LO.PISA.REA.FE,..
Uganda,UGA,PISA: Mean performance on the reading scale. Male,LO.PISA.REA.MA,..
Uganda,UGA,PISA: Mean performance on the science scale,LO.PISA.SCI,..
Uganda,UGA,PISA: Mean performance on the science scale. Female,LO.PISA.SCI.FE,..
Uganda,UGA,PISA: Mean performance on the science scale. Male,LO.PISA.SCI.MA,..
Ukraine,UKR,PISA: Mean performance on the mathematics scale,LO.PISA.MAT,..
Ukraine,UKR,PISA: Mean performance on the mathematics scale. Female,LO.PISA.MAT.FE,..
Ukraine,UKR,PISA: Mean performance on the mathematics scale. Male,LO.PISA.MAT.MA,..
Ukraine,UKR,PISA: Mean performance on the reading scale,LO.PISA.REA,..
Ukraine,UKR,PISA: Mean performance on the reading scale. Female,LO.PISA.REA.FE,..
Ukraine,UKR,PISA: Mean performance on the reading scale. Male,LO.PISA.REA.MA,..
Ukraine,UKR,PISA: Mean performance on the science scale,LO.PISA.SCI,..
Ukraine,UKR,PISA: Mean performance on the science scale. Female,LO.PISA.SCI.FE,..
Ukraine,UKR,PISA: Mean performance on the science scale. Male,LO.PISA.SCI.MA,..
United Arab Emirates,ARE,PISA: Mean performance on the mathematics scale,LO.PISA.MAT,427.4827
United Arab Emirates,ARE,PISA: Mean performance on the mathematics scale. Female,LO.PISA.MAT.FE,430.7020327
United Arab Emirates,ARE,PISA: Mean performance on the mathematics scale. Male,LO.PISA.MAT.MA,424.1733829
United Arab Emirates,ARE,PISA: Mean performance on the reading scale,LO.PISA.REA,433.5423
United Arab Emirates,ARE,PISA: Mean performance on the reading scale. Female,LO.PISA.REA.FE,458.2870285
United Arab Emirates,ARE,PISA: Mean performance on the reading scale. Male,LO.PISA.REA.MA,408.1053246
United Arab Emirates,ARE,PISA: Mean performance on the science scale,LO.PISA.SCI,436.7311
United Arab Emirates,ARE,PISA: Mean performance on the science scale. Female,LO.PISA.SCI.FE,449.3385578
United Arab Emirates,ARE,PISA: Mean performance on the science scale. Male,LO.PISA.SCI.MA,423.7710461
United Kingdom,GBR,PISA: Mean performance on the mathematics scale,LO.PISA.MAT,492.4785
United Kingdom,GBR,PISA: Mean performance on the mathematics scale. Female,LO.PISA.MAT.FE,486.5745897
United Kingdom,GBR,PISA: Mean performance on the mathematics scale. Male,LO.PISA.MAT.MA,498.2005333
United Kingdom,GBR,PISA: Mean performance on the reading scale,LO.PISA.REA,497.9719
United Kingdom,GBR,PISA: Mean performance on the reading scale. Female,LO.PISA.REA.FE,509.0903918
United Kingdom,GBR,PISA: Mean performance on the reading scale. Male,LO.PISA.REA.MA,487.1961077
United Kingdom,GBR,PISA: Mean performance on the science scale,LO.PISA.SCI,509.2215
United Kingdom,GBR,PISA: Mean performance on the science scale. Female,LO.PISA.SCI.FE,508.8409263
United Kingdom,GBR,PISA: Mean performance on the science scale. Male,LO.PISA.SCI.MA,509.5903538
United States,USA,PISA: Mean performance on the mathematics scale,LO.PISA.MAT,469.6285
United States,USA,PISA: Mean performance on the mathematics scale. Female,LO.PISA.MAT.FE,465.3685288
United States,USA,PISA: Mean performance on the mathematics scale. Male,LO.PISA.MAT.MA,473.8857336
United States,USA,PISA: Mean performance on the reading scale,LO.PISA.REA,496.9351
United States,USA,PISA: Mean performance on the reading scale. Female,LO.PISA.REA.FE,506.9751966
United States,USA,PISA: Mean performance on the reading scale. Male,LO.PISA.REA.MA,486.9014116
United States,USA,PISA: Mean performance on the science scale,LO.PISA.SCI,496.2424
United States,USA,PISA: Mean performance on the science scale. Female,LO.PISA.SCI.FE,492.8650724
United States,USA,PISA: Mean performance on the science scale. Male,LO.PISA.SCI.MA,499.6176387
Uruguay,URY,PISA: Mean performance on the mathematics scale,LO.PISA.MAT,417.9919
Uruguay,URY,PISA: Mean performance on the mathematics scale. Female,LO.PISA.MAT.FE,411.5023579
Uruguay,URY,PISA: Mean performance on the mathematics scale. Male,LO.PISA.MAT.MA,425.1379366
Uruguay,URY,PISA: Mean performance on the reading scale,LO.PISA.REA,436.5721
Uruguay,URY,PISA: Mean performance on the reading scale. Female,LO.PISA.REA.FE,447.7196041
Uruguay,URY,PISA: Mean performance on the reading scale. Male,LO.PISA.REA.MA,424.2968892
Uruguay,URY,PISA: Mean performance on the science scale,LO.PISA.SCI,435.363
Uruguay,URY,PISA: Mean performance on the science scale. Female,LO.PISA.SCI.FE,431.3076627
Uruguay,URY,PISA: Mean performance on the science scale. Male,LO.PISA.SCI.MA,439.8285124
"Venezuela, RB",VEN,PISA: Mean performance on the mathematics scale,LO.PISA.MAT,..
"Venezuela, RB",VEN,PISA: Mean performance on the mathematics scale. Female,LO.PISA.MAT.FE,..
"Venezuela, RB",VEN,PISA: Mean performance on the mathematics scale. Male,LO.PISA.MAT.MA,..
"Venezuela, RB",VEN,PISA: Mean performance on the reading scale,LO.PISA.REA,..
"Venezuela, RB",VEN,PISA: Mean performance on the reading scale. Female,LO.PISA.REA.FE,..
"Venezuela, RB",VEN,PISA: Mean performance on the reading scale. Male,LO.PISA.REA.MA,..
"Venezuela, RB",VEN,PISA: Mean performance on the science scale,LO.PISA.SCI,..
"Venezuela, RB",VEN,PISA: Mean performance on the science scale. Female,LO.PISA.SCI.FE,..
"Venezuela, RB",VEN,PISA: Mean performance on the science scale. Male,LO.PISA.SCI.MA,..
Vietnam,VNM,PISA: Mean performance on the mathematics scale,LO.PISA.MAT,494.5183
Vietnam,VNM,PISA: Mean performance on the mathematics scale. Female,LO.PISA.MAT.FE,496.0059468
Vietnam,VNM,PISA: Mean performance on the mathematics scale. Male,LO.PISA.MAT.MA,492.9591377
Vietnam,VNM,PISA: Mean performance on the reading scale,LO.PISA.REA,486.7738
Vietnam,VNM,PISA: Mean performance on the reading scale. Female,LO.PISA.REA.FE,499.0385888
Vietnam,VNM,PISA: Mean performance on the reading scale. Male,LO.PISA.REA.MA,473.9191288
Vietnam,VNM,PISA: Mean performance on the science scale,LO.PISA.SCI,524.6445
Vietnam,VNM,PISA: Mean performance on the science scale. Female,LO.PISA.SCI.FE,525.9139192
Vietnam,VNM,PISA: Mean performance on the science scale. Male,LO.PISA.SCI.MA,523.3140747
"Yemen, Rep.",YEM,PISA: Mean performance on the mathematics scale,LO.PISA.MAT,..
"Yemen, Rep.",YEM,PISA: Mean performance on the mathematics scale. Female,LO.PISA.MAT.FE,..
"Yemen, Rep.",YEM,PISA: Mean performance on the mathematics scale. Male,LO.PISA.MAT.MA,..
"Yemen, Rep.",YEM,PISA: Mean performance on the reading scale,LO.PISA.REA,..
"Yemen, Rep.",YEM,PISA: Mean performance on the reading scale. Female,LO.PISA.REA.FE,..
"Yemen, Rep.",YEM,PISA: Mean performance on the reading scale. Male,LO.PISA.REA.MA,..
"Yemen, Rep.",YEM,PISA: Mean performance on the science scale,LO.PISA.SCI,..
"Yemen, Rep.",YEM,PISA: Mean performance on the science scale. Female,LO.PISA.SCI.FE,..
"Yemen, Rep.",YEM,PISA: Mean performance on the science scale. Male,LO.PISA.SCI.MA,..
Zambia,ZMB,PISA: Mean performance on the mathematics scale,LO.PISA.MAT,..
Zambia,ZMB,PISA: Mean performance on the mathematics scale. Female,LO.PISA.MAT.FE,..
Zambia,ZMB,PISA: Mean performance on the mathematics scale. Male,LO.PISA.MAT.MA,..
Zambia,ZMB,PISA: Mean performance on the reading scale,LO.PISA.REA,..
Zambia,ZMB,PISA: Mean performance on the reading scale. Female,LO.PISA.REA.FE,..
Zambia,ZMB,PISA: Mean performance on the reading scale. Male,LO.PISA.REA.MA,..
Zambia,ZMB,PISA: Mean performance on the science scale,LO.PISA.SCI,..
Zambia,ZMB,PISA: Mean performance on the science scale. Female,LO.PISA.SCI.FE,..
Zambia,ZMB,PISA: Mean performance on the science scale. Male,LO.PISA.SCI.MA,..
Zimbabwe,ZWE,PISA: Mean performance on the mathematics scale,LO.PISA.MAT,..
Zimbabwe,ZWE,PISA: Mean performance on the mathematics scale. Female,LO.PISA.MAT.FE,..
Zimbabwe,ZWE,PISA: Mean performance on the mathematics scale. Male,LO.PISA.MAT.MA,..
Zimbabwe,ZWE,PISA: Mean performance on the reading scale,LO.PISA.REA,..
Zimbabwe,ZWE,PISA: Mean performance on the reading scale. Female,LO.PISA.REA.FE,..
Zimbabwe,ZWE,PISA: Mean performance on the reading scale. Male,LO.PISA.REA.MA,..
Zimbabwe,ZWE,PISA: Mean performance on the science scale,LO.PISA.SCI,..
Zimbabwe,ZWE,PISA: Mean performance on the science scale. Female,LO.PISA.SCI.FE,..
Zimbabwe,ZWE,PISA: Mean performance on the science scale. Male,LO.PISA.SCI.MA,..
